username,email,password,pin,government name
tkemetz0,tkemetz0@google.com.br,DkhJCc,91300,Tori Kemetz
mpeascod1,mpeascod1@free.fr,dZbft5L,11812,Mariele Peascod
hbuddles2,hbuddles2@vk.com,FTROFi,4955,Hagen Buddles
zyurchenko3,zyurchenko3@businessinsider.com,bRAzAecudsr,69273,Zerk Yurchenko
adautry4,adautry4@springer.com,Unucre5Vw,92006,Annette Dautry
dharsant5,dharsant5@earthlink.net,Tw00dJ,22771,Darsey Harsant
wjanda6,wjanda6@tumblr.com,UdMfbdW1n,67220,Warden Janda
mgeere7,mgeere7@myspace.com,XNP1DKWv5V,43876,Marijn Geere
losban8,losban8@123-reg.co.uk,urGo5r18cr2,86219,Lucita Osban
posment9,posment9@dedecms.com,hABByo1h7,12393,Pepita Osment
fkarbya,fkarbya@themeforest.net,7dD50uC,98134,Fanya Karby
ppuddleb,ppuddleb@nih.gov,a2U6HmYJAvuR,58555,Pat Puddle
msympsonc,msympsonc@quantcast.com,HYeg15Zsvy,15737,Milty Sympson
ecogzelld,ecogzelld@so-net.ne.jp,EzJ6dOBqzZ,62988,Eugenia Cogzell
gdulieue,gdulieue@walmart.com,PMw8VdL,40901,Godard Dulieu
lemlochf,lemlochf@microsoft.com,PET2jbdFX,8347,Laureen Emloch
abrudenellg,abrudenellg@ycombinator.com,QMHQc90a,91995,Annemarie Brudenell
cbarberah,cbarberah@wired.com,Q4hNH8B,54475,Cindi Barbera
mlotheringtoni,mlotheringtoni@berkeley.edu,1cvi0nPyw7R9,60162,Marijo Lotherington
iperrij,iperrij@hugedomains.com,0xbltR,43838,Isaiah Perri
alumsdalek,alumsdalek@sitemeter.com,w3cMym5,99054,Ashlin Lumsdale
kol,kol@blogs.com,zc5JZfvk1,35319,Kelcy O' Mara
fhavockm,fhavockm@netlog.com,fU3yqvju76vH,56607,Farleigh Havock
cpettyn,cpettyn@yahoo.co.jp,pri61EbodGIC,57495,Carmelina Petty
wlereo,wlereo@goo.ne.jp,mzrQzsmdv8,5009,Wilek Lere
jabisettip,jabisettip@shop-pro.jp,pfjGVhwT,87028,Jilly Abisetti
mwoosnamq,mwoosnamq@blogspot.com,6mDhU4PZRQE,72395,Maxwell Woosnam
vzannuttir,vzannuttir@hp.com,uxXWEtiEmFTp,25404,Velma Zannutti
tspehrs,tspehrs@usatoday.com,ALomPhs90,97124,Tanny Spehr
mchampkint,mchampkint@businessweek.com,4CR5tx,64439,Meryl Champkin
oelcoateu,oelcoateu@ca.gov,v4kh1SoxVFW,9279,Oralia Elcoate
wsonv,wsonv@zdnet.com,PvdylyZ,35584,Wyatan Son
echarplingw,echarplingw@moonfruit.com,0W0eXU9p2l1,31155,Edmon Charpling
emorterx,emorterx@deviantart.com,BggPtaixhug,89136,Elia Morter
mminilloy,mminilloy@chronoengine.com,alB79YDLp8,72200,Marylynne Minillo
sjinaz,sjinaz@vimeo.com,3sRStbWOcul7,49630,Stephine Jina
bcargill10,bcargill10@uol.com.br,9zqk8rb,95783,Bernard Cargill
dcolum11,dcolum11@earthlink.net,Z2u1mih,10108,Dennie Colum
alonghorn12,alonghorn12@usda.gov,SCLCtXgfh,47943,Alexandrina Longhorn
awreath13,awreath13@kickstarter.com,EsZrMYu1jw,24817,Alonso Wreath
ljojic14,ljojic14@skype.com,ba1tw5r25,89969,Lesley Jojic
solivie15,solivie15@salon.com,RKlmARclMR,85760,Sherie Olivie
lcullingworth16,lcullingworth16@ocn.ne.jp,0QCBoQn,41252,Lennard Cullingworth
jsoar17,jsoar17@surveymonkey.com,LClWiOx0b8cw,40027,Jacquie Soar
leverson18,leverson18@google.pl,D80xYe,36756,Les Everson
thadlington19,thadlington19@51.la,YJb6ThpBN,1931,Tildy Hadlington
cqualtro1a,cqualtro1a@smh.com.au,Gs59jYWk,26366,Cleo Qualtro
mkenwood1b,mkenwood1b@reverbnation.com,ZNLab3C9T03,19538,Marlo Kenwood
smeriel1c,smeriel1c@chronoengine.com,QLM1wxBw7V,79227,Shanon Meriel
swoolmer1d,swoolmer1d@addtoany.com,hIxvBbbqlM7q,73022,Stephine Woolmer
gfessby1e,gfessby1e@va.gov,mg2JYs1z,69636,Garvin Fessby
cfanshaw1f,cfanshaw1f@skype.com,vrxC2RzuhBV6,8324,Culver Fanshaw
mwindas1g,mwindas1g@dedecms.com,IF9jvg,31315,Mariquilla Windas
tchaffer1h,tchaffer1h@imgur.com,NWBAoNQNA,32540,Trudey Chaffer
selverston1i,selverston1i@vkontakte.ru,jHMl33lYW,44327,Sheena Elverston
awinkett1j,awinkett1j@ed.gov,qOjbXoXYvGP,50474,Adara Winkett
sstitch1k,sstitch1k@uol.com.br,EVbeTh,58588,Sephira Stitch
sspadazzi1l,sspadazzi1l@dedecms.com,zWHysC8h,37692,Sammy Spadazzi
bfayne1m,bfayne1m@sphinn.com,WEfkVgW,81756,Brita Fayne
bcrosham1n,bcrosham1n@ca.gov,mekhTSTW,42085,Brittany Crosham
egrocott1o,egrocott1o@technorati.com,wssrrVYPw,25409,Egbert Grocott
fbetham1p,fbetham1p@reverbnation.com,IhhAOmC,27100,Fitzgerald Betham
studor1q,studor1q@oakley.com,Rnunkb,32813,Starlin Tudor
blinacre1r,blinacre1r@elegantthemes.com,JMilkjw,75428,Brana Linacre
pdaughton1s,pdaughton1s@bigcartel.com,Eyp63sdY,94531,Patrizio Daughton
ngofforth1t,ngofforth1t@china.com.cn,a5AwUlGWotTm,15934,Ned Gofforth
horbine1u,horbine1u@mashable.com,7pr9Cj7DzYSy,89969,Herminia Orbine
kdikelin1v,kdikelin1v@umn.edu,MGXa3mh2PgyK,79591,Kurtis Dikelin
wjedraszczyk1w,wjedraszczyk1w@icq.com,JcwVKTIW,91393,Wilmar Jedraszczyk
ccannavan1x,ccannavan1x@wiley.com,wJUe1WF7YKm,3419,Calla Cannavan
aantonescu1y,aantonescu1y@examiner.com,i0RpZrMou6,26391,Alair Antonescu
rkiley1z,rkiley1z@ihg.com,Praofbf,20875,Ryley Kiley
mgriffin20,mgriffin20@360.cn,NM9ZCPsoo,22640,Marlowe Griffin
gdavie21,gdavie21@techcrunch.com,5xI4PO,22577,Giuseppe Davie
ngoodacre22,ngoodacre22@sun.com,Wy9wHPBL,89775,Nobie Goodacre
tdoxey23,tdoxey23@weebly.com,3cG9ETP,12584,Tracy Doxey
nclows24,nclows24@jimdo.com,zWf3G5I,49166,Nessie Clows
bmunns25,bmunns25@so-net.ne.jp,9a31ZrBlnz,76306,Belicia Munns
lpottery26,lpottery26@rakuten.co.jp,h6SUp9lmzo0b,24643,Laure Pottery
dmitkin27,dmitkin27@ed.gov,9hXtZ539,61694,Doroteya Mitkin
plortz28,plortz28@harvard.edu,n3ltqgyL2,41149,Pru Lortz
frappaport29,frappaport29@irs.gov,TUXcf2uUG,97450,Fiona Rappaport
rcason2a,rcason2a@nifty.com,bFA8dr4WdLb,24515,Ramona Cason
hblackway2b,hblackway2b@freewebs.com,lyWHKhI4WGyU,14736,Humberto Blackway
bforsyth2c,bforsyth2c@yellowpages.com,HJU6sjfDh,10179,Bobby Forsyth
lfullylove2d,lfullylove2d@amazon.co.jp,klho6m,49376,Lorette Fullylove
cosharry2e,cosharry2e@hc360.com,D531vTULxh,97433,Christina O'Sharry
jeaston2f,jeaston2f@twitpic.com,0TkQBkslbA,13371,Jaine Easton
mcory2g,mcory2g@goo.gl,e3jWjz8sf8,16450,Madonna Cory
ekillingsworth2h,ekillingsworth2h@diigo.com,b32yDGIMmNv3,66774,Estella Killingsworth
nschuh2i,nschuh2i@devhub.com,sTC9Idq1U1,79369,Noby Schuh
dcoombs2j,dcoombs2j@ibm.com,4CMOXBs6zCr3,46180,Davina Coombs
cregi2k,cregi2k@mail.ru,NSkh1x45yUvc,44949,Catie Regi
gdudgeon2l,gdudgeon2l@sun.com,1EPH609S,77399,Gaby Dudgeon
mpittendreigh2m,mpittendreigh2m@gizmodo.com,n2sf60xYgA,37909,Morris Pittendreigh
mstolle2n,mstolle2n@amazon.co.jp,1vhenDQV,68290,Marvin Stolle
vleask2o,vleask2o@wisc.edu,VhzUo4RBKZi,25274,Viole Leask
sblackshaw2p,sblackshaw2p@cpanel.net,3rVsEB,77368,Shane Blackshaw
nle2q,nle2q@bandcamp.com,kNpI4t4zWV9,69709,Nomi Le Noire
tbrabbins2r,tbrabbins2r@bing.com,d4BNHX6oon6Y,29955,Tally Brabbins
elazarus2s,elazarus2s@marriott.com,SUutDLZx,18842,Emmeline Lazarus
ckerbey2t,ckerbey2t@tuttocitta.it,veXw6zSL2JQS,73132,Courtney Kerbey
brosenbarg2u,brosenbarg2u@archive.org,bjRwJh02Jd,55101,Barth Rosenbarg
rager2v,rager2v@arstechnica.com,MXBoM5,62615,Rafaello Ager
eorto2w,eorto2w@sphinn.com,gen7VUdwk7,32689,Emmott Orto
lgyer2x,lgyer2x@deliciousdays.com,gmBlZkNxgE,38770,Lisle Gyer
flauxmann2y,flauxmann2y@google.de,0d4qPhLvK,48308,Frasquito Lauxmann
dtroillet2z,dtroillet2z@chron.com,uiG5Bhf,22181,Deerdre Troillet
hmandifield30,hmandifield30@com.com,hNjRpjztAKm,39037,Hayyim Mandifield
ebordman31,ebordman31@ucsd.edu,3cTN5VWFv,16341,Elmira Bordman
wcharleston32,wcharleston32@engadget.com,R9hvGmuGgi,77854,Wildon Charleston
pmaunders33,pmaunders33@state.gov,A7JDb2Z,46693,Paulina Maunders
mplace34,mplace34@ox.ac.uk,zRMxuka7WjR,24725,Marylinda Place
glukes35,glukes35@wikipedia.org,mMpOis,90039,Goldy Lukes
abethune36,abethune36@wsj.com,uMOyWx5,47772,Ambrosio Bethune
aizakson37,aizakson37@php.net,c2ETz5Pi5S,43033,Arleyne Izakson
rbuttle38,rbuttle38@cisco.com,jH8KbEuV19,28589,Romola Buttle
lolunny39,lolunny39@toplist.cz,ebVqH85r,11892,Leland O'Lunny
ijoselevitch3a,ijoselevitch3a@cbc.ca,ZAyC4mv,61924,Isis Joselevitch
ctripney3b,ctripney3b@shinystat.com,N9bZz3kD9,28605,Cassandre Tripney
ktattershall3c,ktattershall3c@imdb.com,qSmV9IIO,61199,Kele Tattershall
jedworthie3d,jedworthie3d@nyu.edu,N4QAToS4dO45,12389,Jermain Edworthie
hmatussevich3e,hmatussevich3e@webnode.com,XCnDZGbh1Q0,91144,Hailee Matussevich
dbradd3f,dbradd3f@msu.edu,EXaGuZu,85865,Derwin Bradd
gcrunden3g,gcrunden3g@ted.com,ajAJLuOXDO3z,11997,Georgena Crunden
bpadden3h,bpadden3h@vimeo.com,jIyN2QYywaF5,96288,Bordy Padden
bconeron3i,bconeron3i@nba.com,u2nVocTVL,34980,Bord Coneron
jminors3j,jminors3j@sourceforge.net,dFjkbg8r1M,61868,Jo-ann Minors
adressel3k,adressel3k@chronoengine.com,jcRJ5W,11261,Aurelia Dressel
scoldtart3l,scoldtart3l@nationalgeographic.com,IsLGktlj8,5348,Sam Coldtart
beastridge3m,beastridge3m@mit.edu,OhlYLK,60403,Bo Eastridge
ielwel3n,ielwel3n@reference.com,UxS56e,39325,Inga Elwel
rstockley3o,rstockley3o@tinyurl.com,gngZ4GG2,23073,Robinson Stockley
scambell3p,scambell3p@sitemeter.com,IIb16jMsRo9,31140,Spencer Cambell
rdunkerley3q,rdunkerley3q@drupal.org,ICxfDOhIC2,70655,Regine Dunkerley
araybould3r,araybould3r@ifeng.com,l23FjyqP,99723,Alphonse Raybould
dgotfrey3s,dgotfrey3s@about.me,5jCgtQJvWW,81117,Danika Gotfrey
akyngdon3t,akyngdon3t@barnesandnoble.com,stzKgYzrcgl,39675,Agata Kyngdon
cbednell3u,cbednell3u@liveinternet.ru,hSmfQu,55132,Camila Bednell
bswalteridge3v,bswalteridge3v@storify.com,PuzeJpmex,5468,Brina Swalteridge
wdurdle3w,wdurdle3w@ted.com,YsMJodSLo,19620,Willis Durdle
hkamen3x,hkamen3x@kickstarter.com,WicXjGR,24279,Herc Kamen
wsaing3y,wsaing3y@mac.com,tk9GRYI,32183,Wilfrid Saing
hpepin3z,hpepin3z@yale.edu,Y1ToSXav,61252,Hoebart Pepin
ajessen40,ajessen40@europa.eu,tCHzeMJN9,30673,Arri Jessen
gbeswell41,gbeswell41@ft.com,7Ir5iW,21963,Griz Beswell
hneill42,hneill42@surveymonkey.com,kCPgZ3wplWY,37638,Hernando Neill
nbuckler43,nbuckler43@purevolume.com,JMXN2vH,71953,Nevsa Buckler
ashemelt44,ashemelt44@deviantart.com,KCt4k5nGV,86442,Ambros Shemelt
fmosdell45,fmosdell45@desdev.cn,H9JyWvPh3U,7386,Ferdinanda Mosdell
hcolebourne46,hcolebourne46@ucoz.ru,HZUIPFkVwvhA,94943,Harbert Colebourne
rglew47,rglew47@dedecms.com,e6mA4tVQ28,77725,Rhoda Glew
fhazelhurst48,fhazelhurst48@people.com.cn,2u911rZ0b,20104,Franky Hazelhurst
igash49,igash49@virginia.edu,8AbmctxCIOS,74366,Irwinn Gash
daddicott4a,daddicott4a@mozilla.com,1MzF5A03,49878,Durand Addicott
rtrimming4b,rtrimming4b@yolasite.com,wCqIxn,81442,Ruben Trimming
jmccalister4c,jmccalister4c@squarespace.com,sigRRVC0YiP9,84366,Jennine McCalister
mfairclough4d,mfairclough4d@ft.com,iLtVPAo,16226,Mallissa Fairclough
ybethell4e,ybethell4e@networkadvertising.org,BhlGEsnQBPs,55236,Yvette Bethell
mvinas4f,mvinas4f@cnn.com,fp4QU54,3490,Melessa Vinas
wanscott4g,wanscott4g@army.mil,I2lhVZFU8,42154,Wheeler Anscott
tshackelton4h,tshackelton4h@abc.net.au,X5uiRJdR,44860,Thurston Shackelton
mlamberts4i,mlamberts4i@hud.gov,hNnRnUnPxo,87736,Misty Lamberts
crawcliffe4j,crawcliffe4j@purevolume.com,vy6aPyHVTb,12469,Chickie Rawcliffe
everney4k,everney4k@twitpic.com,rG1UkNd,97684,Edeline Verney
eblonfield4l,eblonfield4l@behance.net,jKU5xitZ,66296,Eward Blonfield
dgeist4m,dgeist4m@soup.io,Zqo3MiYJ23,18287,Drucy Geist
msawter4n,msawter4n@bizjournals.com,85feX2zXjoH,83396,Morty Sawter
mchurchyard4o,mchurchyard4o@ovh.net,uSa4QILEu,15563,Marris Churchyard
cnarducci4p,cnarducci4p@unesco.org,9Rw3ebHLSnEF,67432,Courtnay Narducci
ndurie4q,ndurie4q@wikia.com,EqYYAfwU77l,24338,Nari Durie
gsends4r,gsends4r@barnesandnoble.com,IuQvAx,59641,Gram Sends
jargyle4s,jargyle4s@ow.ly,mfIMCdVnCVLq,97847,Jonell Argyle
sevemy4t,sevemy4t@cbc.ca,5w8xS8R4J6,90625,Stefan Evemy
scarleton4u,scarleton4u@tiny.cc,MAmGWIIPuD1,37818,Scotty Carleton
dcrighten4v,dcrighten4v@intel.com,NqMRwLlGP,73687,Demetris Crighten
pcormode4w,pcormode4w@usnews.com,tChRBB,91078,Pavia Cormode
cmee4x,cmee4x@hibu.com,pJeJnxCjg3,73099,Celine Mee
aperez4y,aperez4y@cam.ac.uk,ryXVcb5J,59731,Alvera Perez
ibowland4z,ibowland4z@netlog.com,hvqWrqDv,23625,Ignacio Bowland
ageram50,ageram50@nba.com,5GDydz,62815,Amandi Geram
rhowsin51,rhowsin51@independent.co.uk,6DRWBo,53475,Ramona Howsin
mmccalister52,mmccalister52@buzzfeed.com,YXdKqNUmQ,68423,Manuel McCalister
tconnal53,tconnal53@domainmarket.com,tNASnn,75225,Tymothy Connal
tkerley54,tkerley54@vinaora.com,gm5HopWD1u,46160,Trevor Kerley
mbaggelley55,mbaggelley55@patch.com,zXxIeL,91708,Mireielle Baggelley
ogunby56,ogunby56@irs.gov,b95kNfXJgfqL,53144,Obediah Gunby
tmulchrone57,tmulchrone57@hp.com,Wv2IhdJf1EkB,85568,Teddie Mulchrone
bbaskeyfied58,bbaskeyfied58@shareasale.com,lWouncXy,57442,Bo Baskeyfied
tstead59,tstead59@github.com,4bvE8KmOShLc,33315,Teodora Stead
mmcquilkin5a,mmcquilkin5a@salon.com,IZPLHsmiKiqL,83480,Mirabella McQuilkin
wmurrigan5b,wmurrigan5b@bizjournals.com,5ITza7ds8A4,97807,Wallie Murrigan
sgraffin5c,sgraffin5c@cnet.com,ALU4kB,93546,Siana Graffin
gsoames5d,gsoames5d@mozilla.org,sLrepAYnW,58621,Gabriela Soames
tcarlon5e,tcarlon5e@ihg.com,Zz3UMC,75330,Tamiko Carlon
fonolan5f,fonolan5f@bizjournals.com,2xMIag6p,96156,Fancie O'Nolan
feves5g,feves5g@weebly.com,Dx7xFt,37378,Flinn Eves
hlamport5h,hlamport5h@geocities.jp,w3oxDnEBq,24547,Hamil Lamport
sdufall5i,sdufall5i@behance.net,MTZq4f,17195,Shaylyn Dufall
mlotte5j,mlotte5j@xinhuanet.com,QsfSewhP,67250,Marja Lotte
snuccii5k,snuccii5k@slideshare.net,1SYWiDbdphb,61578,Shina Nuccii
cmingus5l,cmingus5l@ustream.tv,GWxlrS5,15670,Carine Mingus
kmoubray5m,kmoubray5m@amazonaws.com,Tiziu0dwez,26420,Katherine Moubray
fpeagrim5n,fpeagrim5n@europa.eu,6OwtTJKAcoWn,87952,Fanchon Peagrim
cmulryan5o,cmulryan5o@sciencedaily.com,3GcCsYJIQ,72605,Carie Mulryan
lgusney5p,lgusney5p@narod.ru,oJxpnB,84043,Laughton Gusney
gsimonato5q,gsimonato5q@smh.com.au,ON3ffV,99705,Gardiner Simonato
ebritch5r,ebritch5r@theguardian.com,8ds7BdvDni,99928,Edik Britch
jmeekings5s,jmeekings5s@aol.com,9XcpA4XkYhd,13418,Jeremias Meekings
tmayou5t,tmayou5t@google.nl,atsmEjicF,83837,Tait Mayou
gnellies5u,gnellies5u@nature.com,JyObZCF,83849,Gregory Nellies
cgiovannetti5v,cgiovannetti5v@tmall.com,WiUxQ6R,39989,Colver Giovannetti
lmckeand5w,lmckeand5w@nba.com,LAgGRNOngDDC,85786,Lory McKeand
dtemblett5x,dtemblett5x@google.ca,0EOIBFHU,51662,Dare Temblett
jerwin5y,jerwin5y@php.net,2HclWTBa,58537,Joanna Erwin
smingauld5z,smingauld5z@amazon.de,hhT7PG,78470,Shayne Mingauld
mlayzell60,mlayzell60@usatoday.com,vaP6aTAN,61243,Maryjane Layzell
apren61,apren61@joomla.org,C9yzNZ,85523,Augusto Pren
ahexter62,ahexter62@addtoany.com,ehq6aQKa,81543,Adelheid Hexter
ssunshine63,ssunshine63@ibm.com,yQnOg8V57Kn,66735,Seumas Sunshine
kgianilli64,kgianilli64@paginegialle.it,A7zqVwa4Lh,56730,Karilynn Gianilli
aharbar65,aharbar65@elegantthemes.com,tzHFMTI2Csy,64817,Alex Harbar
krodolf66,krodolf66@marketwatch.com,ZbJJGT,64339,Khalil Rodolf
iheliot67,iheliot67@nba.com,hBy5iXwzc,97941,Irwin Heliot
lkaradzas68,lkaradzas68@webeden.co.uk,reQ9kIFZ,6602,Lucila Karadzas
vhales69,vhales69@princeton.edu,0ozDBqA69,76202,Valene Hales
jgrzes6a,jgrzes6a@economist.com,Q9iyOe,10927,Jonell Grzes
caire6b,caire6b@friendfeed.com,CmTmPmn,14399,Claribel Aire
caverill6c,caverill6c@blinklist.com,5tldUAIL,1180,Cornela Averill
kbugg6d,kbugg6d@state.gov,jfa9ck0dLhgb,21224,Kipper Bugg
dhapper6e,dhapper6e@clickbank.net,yLdX4IfC,23619,Doro Happer
pmanifield6f,pmanifield6f@patch.com,zbYOY9of8S,50891,Padget Manifield
dmurney6g,dmurney6g@feedburner.com,9hbksL,56329,Dorolice Murney
lfassam6h,lfassam6h@twitter.com,1MvbAV2G,77266,Lorin Fassam
tbullion6i,tbullion6i@blogger.com,XJ3PoaP,20683,Trix Bullion
kvaughton6j,kvaughton6j@joomla.org,OztpP9jCD3,8889,Kendal Vaughton
mbenallack6k,mbenallack6k@oaic.gov.au,EG85eLnpOj,43125,Maegan Benallack
ringle6l,ringle6l@cam.ac.uk,KQr8jNJ,19029,Ricard Ingle
hferreo6m,hferreo6m@cnn.com,PQyadPc,15443,Hilario Ferreo
skendle6n,skendle6n@dropbox.com,U9Foqr2iq,88519,Samara Kendle
rkonertz6o,rkonertz6o@godaddy.com,udlTT0tfjDch,46299,Ruddy Konertz
shemphrey6p,shemphrey6p@wired.com,uWeGGYgmC,12004,Serena Hemphrey
pkrzysztofiak6q,pkrzysztofiak6q@globo.com,hpS3n5A,92509,Packston Krzysztofiak
briggott6r,briggott6r@omniture.com,NxggoCfAD,54665,Bernetta Riggott
sboyn6s,sboyn6s@acquirethisname.com,zPaPHpt3E6MG,26041,Sylvester Boyn
bparradye6t,bparradye6t@hibu.com,ibqmcY1,57148,Bird Parradye
cvanbrugh6u,cvanbrugh6u@businesswire.com,g9qKda,92825,Christiana VanBrugh
btomasi6v,btomasi6v@artisteer.com,fGE3wWKz4MJr,78712,Billye Tomasi
bakram6w,bakram6w@irs.gov,aUlugkEw,66608,Bary Akram
yrosenshine6x,yrosenshine6x@businessinsider.com,QPQ4Zp,59451,Ysabel Rosenshine
ecodeman6y,ecodeman6y@chron.com,Skw2jAt8,52377,Erny Codeman
nmays6z,nmays6z@nhs.uk,1epaG4XGDH,71897,Neel Mays
witschakov70,witschakov70@samsung.com,gSgmeRazQX2,74476,Weider Itschakov
eivashkov71,eivashkov71@dagondesign.com,Nd5kUUqtBlFA,44305,Elenore Ivashkov
ciacobini72,ciacobini72@liveinternet.ru,B85oqHeum,79716,Cirillo Iacobini
mesch73,mesch73@lulu.com,Blh8gsMr,22778,Mina Esch
djannequin74,djannequin74@dell.com,hpSZSzxG,12440,Dusty Jannequin
bcharlo75,bcharlo75@t-online.de,sS6ntGwhVPc,47186,Belia Charlo
poldland76,poldland76@slashdot.org,t90ybnX9O,57705,Pascale Oldland
fsheerin77,fsheerin77@wikia.com,gEywc6gsZS13,7716,Fredrick Sheerin
atopling78,atopling78@nyu.edu,nwljG0YtU,12971,Alica Topling
npedycan79,npedycan79@virginia.edu,cKy6vDRrveV,28143,Nilson Pedycan
jfahrenbach7a,jfahrenbach7a@umich.edu,5Tv5vhlV,8637,Joela Fahrenbach
rbussen7b,rbussen7b@symantec.com,1PndeEDsg8,83858,Rheba Bussen
sdracey7c,sdracey7c@senate.gov,sSzmWPDmc,57712,Shaylynn Dracey
cdinsdale7d,cdinsdale7d@mayoclinic.com,SZEwbkBKyhO7,81582,Carmel Dinsdale
fmanshaw7e,fmanshaw7e@feedburner.com,45OSgWg,80396,Finn Manshaw
btunney7f,btunney7f@si.edu,YAzHhFNEX,55589,Bobbie Tunney
rbendix7g,rbendix7g@prlog.org,NYzszDstuG1,85014,Rozalie Bendix
dnoyce7h,dnoyce7h@myspace.com,SPCAjLnm,36866,Dionis Noyce
eyurenev7i,eyurenev7i@bluehost.com,Qoxp5F,35942,Ephraim Yurenev
ajesper7j,ajesper7j@mac.com,HOGLyA696,40936,Alfred Jesper
tseymour7k,tseymour7k@canalblog.com,iVxWCAA,54601,Tamas Seymour
cbernocchi7l,cbernocchi7l@opensource.org,UN8AD1uZY,99476,Corie Bernocchi
iduchasteau7m,iduchasteau7m@hexun.com,YZ5swsHSd4vn,40836,Innis Duchasteau
ktrahmel7n,ktrahmel7n@msn.com,7xYcqe,28364,Keelia Trahmel
gswaby7o,gswaby7o@webnode.com,s6cFIT,74782,Geri Swaby
ibizley7p,ibizley7p@soup.io,44hdyJ9yNKpK,9427,Irena Bizley
pkerford7q,pkerford7q@diigo.com,yY2VtJ,34629,Pablo Kerford
smelbourn7r,smelbourn7r@smugmug.com,GC6mkvutrKq0,8799,Sue Melbourn
adaily7s,adaily7s@reverbnation.com,MCk1wXvrNUN4,45484,Allen Daily
lconichie7t,lconichie7t@wordpress.com,IdtXc7,43493,Lusa Conichie
mfendlow7u,mfendlow7u@t-online.de,MAztNvoeZNoW,82365,Merv Fendlow
lmacmeanma7v,lmacmeanma7v@chronoengine.com,jWFdaC,21374,Lesli MacMeanma
shounson7w,shounson7w@printfriendly.com,B6KKZw,52096,Sandro Hounson
wwhife7x,wwhife7x@mlb.com,p6qrhiC2MA,21645,Wilt Whife
tpettersen7y,tpettersen7y@mac.com,XiGIEBP1k4nQ,65630,Ty Pettersen
dcorkett7z,dcorkett7z@issuu.com,vmtOWn,56173,Desmond Corkett
kscholefield80,kscholefield80@4shared.com,OGUQkBxNeVbt,57814,Karina Scholefield
ebaldack81,ebaldack81@about.com,4jqjCQ2,57625,Eveleen Baldack
nmurgatroyd82,nmurgatroyd82@ucla.edu,roOJ8VkxvDk,79865,Neal Murgatroyd
bdecourcy83,bdecourcy83@noaa.gov,SB8vqFNUJMH3,56741,Brantley Decourcy
rlantaph84,rlantaph84@51.la,yMTf8UjJAOaq,75562,Reeva Lantaph
jwyett85,jwyett85@infoseek.co.jp,fWTcGxuUk,94028,Jay Wyett
wgallaway86,wgallaway86@google.fr,bElxklOmU,55321,Wenda Gallaway
acummine87,acummine87@apple.com,TDDt1tP,7431,Aleen Cummine
gblades88,gblades88@illinois.edu,a9PGbDQ,71040,Gabbie Blades
klatchmore89,klatchmore89@pbs.org,QxRtbVg,87995,Kerby Latchmore
smayoral8a,smayoral8a@furl.net,TountP6kIKCS,5385,Shayne Mayoral
ccramb8b,ccramb8b@facebook.com,L5SN41C,91632,Cyrillus Cramb
jmacauley8c,jmacauley8c@blogtalkradio.com,ORQbyG7CfD,48584,James Macauley
bhawlgarth8d,bhawlgarth8d@microsoft.com,9vQWYAt,43247,Bee Hawlgarth
bswabey8e,bswabey8e@cdc.gov,QbTGZKWPsO7j,50598,Beltran Swabey
ublue8f,ublue8f@sogou.com,GsHrSkx,77598,Udell Blue
mplues8g,mplues8g@networksolutions.com,oLqfCY1v,29600,Maje Plues
byakobowitz8h,byakobowitz8h@theatlantic.com,B90V5LBjo,14621,Berta Yakobowitz
gmicklem8i,gmicklem8i@noaa.gov,juTetJQwc,77412,Ginni Micklem
aduckwith8j,aduckwith8j@jugem.jp,PB5dGw,40583,Antonietta Duckwith
rblazevic8k,rblazevic8k@github.com,MEvDnrNQXi7H,65105,Raddy Blazevic
emeeking8l,emeeking8l@storify.com,gwScYvU6Z,51944,Edy Meeking
fbygreaves8m,fbygreaves8m@discovery.com,H1nTRqv,32973,Fawnia Bygreaves
rcollyear8n,rcollyear8n@cisco.com,WxdG0kLqNd1b,97285,Rani Collyear
dtireman8o,dtireman8o@edublogs.org,i3SOiIGAP6e,70030,Duky Tireman
tboldry8p,tboldry8p@examiner.com,aLZcmMEnG,27233,Torie Boldry
edi8q,edi8q@shinystat.com,toX21jPSpcs,74228,Emalee Di Boldi
dgonzalez8r,dgonzalez8r@aboutads.info,POx706,59358,Dino Gonzalez
shalse8s,shalse8s@yandex.ru,LucWWb,5112,Stephana Halse
chartles8t,chartles8t@bandcamp.com,lwxnTgDEe,17241,Cassius Hartles
mpessel8u,mpessel8u@imgur.com,GY5CPtkDApBq,36320,Murray Pessel
sorigan8v,sorigan8v@cbslocal.com,tlxyMQ,10112,Sherwynd Origan
mbrind8w,mbrind8w@icio.us,pcdcZ7,19546,Mead Brind
wlinke8x,wlinke8x@hostgator.com,yRW8G5kOWuA,37993,Whitby Linke
dmew8y,dmew8y@macromedia.com,hmmqRjEmh,7037,Danette Mew
jdunkerley8z,jdunkerley8z@amazonaws.com,8NBdopZ,80345,Janeczka Dunkerley
mpaddeley90,mpaddeley90@rakuten.co.jp,uD2DDW,55241,Merry Paddeley
sfreak91,sfreak91@imageshack.us,y36udQtu,30613,Sasha Freak
jwicken92,jwicken92@plala.or.jp,XeUaYc,4780,Jasmine Wicken
coldford93,coldford93@smugmug.com,ln88RUR,46381,Cordell Oldford
cdewett94,cdewett94@google.de,vvzFB9nj,56817,Cullie Dewett
idumbelton95,idumbelton95@businesswire.com,ScVsqIBjZ88,52817,Izaak Dumbelton
cbrookfield96,cbrookfield96@psu.edu,6exEZi,67894,Cilka Brookfield
gsuerz97,gsuerz97@cdbaby.com,1HCJL1k1he9c,75675,Gabie Suerz
rcodeman98,rcodeman98@uiuc.edu,5nhXvBZiv,8661,Rayshell Codeman
ewheldon99,ewheldon99@bbc.co.uk,2WuBGD7Carn,67013,Eleanore Wheldon
amumberson9a,amumberson9a@craigslist.org,hoPrmPlC9s1w,86101,Adelind Mumberson
hfaughny9b,hfaughny9b@hubpages.com,b2cOY6RMa,78518,Hartwell Faughny
gsaffle9c,gsaffle9c@ow.ly,OuJCjoFfB,52338,Garth Saffle
nsargant9d,nsargant9d@oaic.gov.au,gVLQAdUW,94281,Natalya Sargant
rgoodhand9e,rgoodhand9e@cnn.com,0RKvdInE,80050,Roze Goodhand
ade9f,ade9f@umn.edu,duVvuTyBFg,39130,Ardelia De Mattei
vearie9g,vearie9g@vinaora.com,7NcNz0U0hvZ,20238,Virgie Earie
wparcell9h,wparcell9h@nps.gov,WgqATtKFwI6W,72893,Wyndham Parcell
rtaynton9i,rtaynton9i@omniture.com,Q2rG4i9ZC2y1,49835,Rica Taynton
nbehnke9j,nbehnke9j@friendfeed.com,rJaWfQeT5cB,46694,Nevsa Behnke
dvon9k,dvon9k@netvibes.com,3RFHk3,85912,Dulcia Von Der Empten
gdownton9l,gdownton9l@comsenz.com,cxL3Uv,52584,Gearard Downton
adiwell9m,adiwell9m@odnoklassniki.ru,VwHwVQpu,47409,Alicea Diwell
jolliffe9n,jolliffe9n@redcross.org,SN06xIfUD,32069,Josey Olliffe
vhousden9o,vhousden9o@technorati.com,OHTd84,82030,Vinny Housden
jbeachamp9p,jbeachamp9p@nsw.gov.au,1vypF8Vzd,91480,Janna Beachamp
candreix9q,candreix9q@artisteer.com,hq9iXB,36249,Corrie Andreix
ecosgrive9r,ecosgrive9r@guardian.co.uk,e8gL7WI7IFz,79354,Ezmeralda Cosgrive
fbryceson9s,fbryceson9s@soundcloud.com,qSHJvyLbg,53933,Fae Bryceson
snorthwood9t,snorthwood9t@bandcamp.com,ySIhdtWq89Ym,38513,Simone Northwood
fboswood9u,fboswood9u@php.net,I0WY9l,67531,Francoise Boswood
gburchnall9v,gburchnall9v@odnoklassniki.ru,CsQyWXow4h5,79232,Garik Burchnall
dshernock9w,dshernock9w@miibeian.gov.cn,7KtGrZ,26063,Dominick Shernock
lteare9x,lteare9x@ftc.gov,cOrXcWzl4,30469,Loreen Teare
ssoulsby9y,ssoulsby9y@deliciousdays.com,6f2Zbi,39141,Sal Soulsby
krobertot9z,krobertot9z@ebay.com,izYNLc,70714,Kayley Robertot
srenvoysa0,srenvoysa0@furl.net,EjGhm7So,82128,Selig Renvoys
amartinsona1,amartinsona1@hibu.com,HDvCupwhZE,37812,Alidia Martinson
hscamadena2,hscamadena2@wikia.com,0x3CulKWJO6w,43629,Hayward Scamaden
ebertolina3,ebertolina3@myspace.com,VXLOYOFz,45373,Emlen Bertolin
rranglea4,rranglea4@instagram.com,1jVQUMCGi,29614,Roseanne Rangle
cmacaskiea5,cmacaskiea5@nhs.uk,Q2RmIzb,17669,Collete MacAskie
beddena6,beddena6@github.com,Ko4uBS,61589,Bobette Edden
gfanthoma7,gfanthoma7@issuu.com,Ow0VfzEWV,20656,Glory Fanthom
mhoysa8,mhoysa8@ox.ac.uk,oXsgU5HUSA,34088,Mozes Hoys
acaukilla9,acaukilla9@issuu.com,DOhec4moy,59224,Amber Caukill
eblitzeraa,eblitzeraa@craigslist.org,Bzkituoe,31089,Emmalyn Blitzer
hjosskowitzab,hjosskowitzab@a8.net,m0i2wMN,91233,Henderson Josskowitz
nbernardouxac,nbernardouxac@google.it,iPP9mLi7D3v,53021,Natale Bernardoux
jdonnad,jdonnad@lycos.com,CF6zjSfqR,23753,Jenda Donn
hyandellae,hyandellae@icio.us,p3z8Bp9ivm,81721,Hubie Yandell
blightenaf,blightenaf@ycombinator.com,HsxqJjFelh,26654,Bathsheba Lighten
smuzzallag,smuzzallag@zdnet.com,7WxRcfmb,26215,Sallee Muzzall
gbaselliah,gbaselliah@imgur.com,afSRCq6BJRm,80194,Gelya Baselli
rmacilriachai,rmacilriachai@alibaba.com,zfG0lp,55012,Roger MacIlriach
ptudhopeaj,ptudhopeaj@wordpress.org,PnW9PPq2A,84904,Pepita Tudhope
mottawellak,mottawellak@yandex.ru,kUnRnKj2,64882,Malvina Ottawell
gtreversal,gtreversal@dailymail.co.uk,Rzb4carGP,51172,Garland Trevers
avinceam,avinceam@w3.org,lR4QcE,78104,Aidan Vince
dizacan,dizacan@eventbrite.com,h6E23enIw,68613,Dennie Izac
lseeleyao,lseeleyao@rediff.com,EcxefkEZHV,23815,Lonny Seeley
mbenap,mbenap@opera.com,8TGawaZnv,90779,Mitch Ben
amorcombaq,amorcombaq@mediafire.com,oh0hGP,35800,Anthe Morcomb
dpeachar,dpeachar@gravatar.com,0XfeU5,52253,Davis Peach
labercrombieas,labercrombieas@disqus.com,NxVNWi9IU5Sq,17197,Liesa Abercrombie
fcasboltat,fcasboltat@google.co.uk,mR5IxfqcrxP,76520,Farah Casbolt
veddoesau,veddoesau@dagondesign.com,HlNkNaCOHi1n,61715,Virgilio Eddoes
jtissierav,jtissierav@fc2.com,BwQkZrxXUS,29963,Jenelle Tissier
dleviaw,dleviaw@mysql.com,AWW7RoUIL,52225,Delia Levi
rmeganyax,rmeganyax@livejournal.com,fUqzhMqjihL,20089,Rozalie Megany
alohanay,alohanay@ucoz.com,vXEQaYSST0aW,31596,Andi Lohan
astealfoxaz,astealfoxaz@simplemachines.org,tgkp9jL8mn,89595,Anna-maria Stealfox
bganfordb0,bganfordb0@squarespace.com,Xmokd5cN,23229,Brockie Ganford
dshitliffeb1,dshitliffeb1@goo.ne.jp,4XzzPO,12037,Dolly Shitliffe
gmcianb2,gmcianb2@nydailynews.com,IWgkBq,92481,Gualterio McIan
cskillernb3,cskillernb3@home.pl,V9vfpwB,89912,Cody Skillern
rmorfordb4,rmorfordb4@flavors.me,aZE0p5R,93277,Richardo Morford
kurreyb5,kurreyb5@flickr.com,NiFbZG52QSAF,44807,Kylen Urrey
dhawkwoodb6,dhawkwoodb6@chron.com,mxJjv2MCs4il,34822,Darci Hawkwood
gartusb7,gartusb7@dailymotion.com,orbK9lE,1206,Graig Artus
kogleyb8,kogleyb8@mlb.com,XLbdHldJW7h5,85807,Kerri Ogley
esantoreb9,esantoreb9@smh.com.au,7DVFoR,54037,Egbert Santore
nhebbesba,nhebbesba@phoca.cz,PvJ0nN,46127,Neddy Hebbes
mferencebb,mferencebb@statcounter.com,Xa07UBbzU3,29848,Mirabelle Ference
vgoeringbc,vgoeringbc@parallels.com,B8dlEMze,18064,Valene Goering
vstranksbd,vstranksbd@omniture.com,7X0NmRZNM,53808,Vilma Stranks
cnadinbe,cnadinbe@mtv.com,ZM6Ftp,28729,Colette Nadin
sbanbriggebf,sbanbriggebf@sfgate.com,3Lwpu7eltAKh,98640,Siouxie Banbrigge
kfieldersbg,kfieldersbg@admin.ch,qiWt6O,20303,Ketti Fielders
vspringbh,vspringbh@furl.net,87LrrmsksN,10498,Vonni Spring
kaggettbi,kaggettbi@blogs.com,d7wNAKV,30123,Kirsteni Aggett
lbrycesonbj,lbrycesonbj@bloomberg.com,n6MJ1S1L,70870,Lloyd Bryceson
rgorvettebk,rgorvettebk@jalbum.net,IAbw5z0PG2,72997,Rollins Gorvette
gbeminsterbl,gbeminsterbl@bandcamp.com,xDSydBxr9,81508,Gene Beminster
bscholzbm,bscholzbm@google.fr,Xl7VXYJSIcE,95783,Blake Scholz
kpescodbn,kpescodbn@tinyurl.com,nMvhWSuGws,67113,Keir Pescod
emeriothbo,emeriothbo@discovery.com,hKIySYggU,26390,Elana Merioth
spenningbp,spenningbp@census.gov,qzS9nBO5,88287,Sophey Penning
ribbittbq,ribbittbq@diigo.com,OvGnln30TsMC,9605,Rogerio Ibbitt
mmckellenbr,mmckellenbr@jigsy.com,5Zv36T3lljA,63480,Mile McKellen
ayorkebs,ayorkebs@exblog.jp,rB2rQrnwtkz7,57746,Anette Yorke
dfidgebt,dfidgebt@instagram.com,Ndh2MRcGJD,37928,Davida Fidge
mmougeotbu,mmougeotbu@japanpost.jp,lkRSlbkcU,43558,Mordy Mougeot
jhayhoebv,jhayhoebv@bandcamp.com,YwZDvDmQO,26177,Judah Hayhoe
gpurchonbw,gpurchonbw@umich.edu,zOW5BVEn5Y9,60223,Gunther Purchon
itarrenbx,itarrenbx@globo.com,2UTKS3dua,16584,Isac Tarren
jpitchersby,jpitchersby@imgur.com,YRzbhMne,35228,Jody Pitchers
tsiemianowiczbz,tsiemianowiczbz@liveinternet.ru,eTsC22,51100,Tammy Siemianowicz
dduftonc0,dduftonc0@apple.com,AbiNI2Qqun,58328,Dukey Dufton
cdeyesc1,cdeyesc1@ucoz.com,GnuRdb0kxt,95626,Clarence Deyes
bcurdsc2,bcurdsc2@latimes.com,94llUDm9,37092,Bendicty Curds
dfilchakovc3,dfilchakovc3@ucsd.edu,mgXjxkXDkm,38343,Diego Filchakov
hbowkettc4,hbowkettc4@forbes.com,15g7vQ6f,18218,Hervey Bowkett
whurndallc5,whurndallc5@trellian.com,UtRURnr,24189,Wrennie Hurndall
cfrogleyc6,cfrogleyc6@jigsy.com,H62utf40PFTA,46407,Cayla Frogley
jchamberlainec7,jchamberlainec7@ning.com,BjDRig0Xu5BO,57981,Jose Chamberlaine
sfifieldc8,sfifieldc8@csmonitor.com,h0SYWyU,12926,Shepperd Fifield
dfewellc9,dfewellc9@exblog.jp,HO7WaT,12111,Derby Fewell
ckleinsingerca,ckleinsingerca@list-manage.com,LLoXipCLZA,23144,Constantine Kleinsinger
wstrowlgercb,wstrowlgercb@yahoo.com,wjhj9XFWoGQ,66867,Wallie Strowlger
chenriccc,chenriccc@merriam-webster.com,tEcpP5QP,55409,Cahra Henric
srowlincd,srowlincd@globo.com,ohGXCHG,92419,Sandi Rowlin
salgiece,salgiece@sciencedaily.com,YiIhoB6q,46882,Shandra Algie
mthainecf,mthainecf@yandex.ru,nqVfELbNn,83321,Malanie Thaine
giapicocg,giapicocg@ed.gov,XHTcT2K,91255,Grover Iapico
lorthch,lorthch@adobe.com,I7tZor2CO0y,29479,Laraine Orth
emacmaykinci,emacmaykinci@sbwire.com,agVTdkgkcW0G,73010,Emanuele MacMaykin
elauxmanncj,elauxmanncj@canalblog.com,WCSm9dcomw,75551,Ernie Lauxmann
iwegmanck,iwegmanck@clickbank.net,BFO8kXGG4i,27036,Iolande Wegman
bsapsfordcl,bsapsfordcl@dmoz.org,967XhV47jyb,22237,Brett Sapsford
scallowaycm,scallowaycm@sbwire.com,IHKcfv,61779,Syman Calloway
nmcilwrickcn,nmcilwrickcn@theatlantic.com,JENhUr1Cc0v7,64885,Norina McIlwrick
teasenco,teasenco@salon.com,VK7cp9D,74948,Tabby Easen
plewinscp,plewinscp@mediafire.com,j17WtS,77294,Pieter Lewins
alentecq,alentecq@theatlantic.com,SqWHE2,47356,Aluin Lente
tnardrupcr,tnardrupcr@webmd.com,X0WcK1OyB,46848,Thacher Nardrup
nkyteleycs,nkyteleycs@kickstarter.com,VydiS70coPy,10339,Norris Kyteley
sdect,sdect@wiley.com,X1AKFolWTI,47525,Shina De Domenico
lslymancu,lslymancu@answers.com,VPiN36d,28910,Lulita Slyman
aduckhamcv,aduckhamcv@51.la,day6Dj,436,Afton Duckham
apotterilcw,apotterilcw@accuweather.com,r9SowgnZc,98488,Audrie Potteril
mdowderswellcx,mdowderswellcx@tripadvisor.com,264CHmigB,73951,Marna Dowderswell
ekrzyzanowskicy,ekrzyzanowskicy@ftc.gov,Ii6FCxhk6ln,55052,Esdras Krzyzanowski
upypercz,upypercz@opensource.org,TcL7kiz8A,75855,Upton Pyper
vhughsond0,vhughsond0@hc360.com,EnkK8YkUDb,97696,Van Hughson
cmarcqd1,cmarcqd1@free.fr,RQtOBA9JH,8486,Conney Marcq
wshuardd2,wshuardd2@bluehost.com,jqIwJIC,58712,Wyatan Shuard
tjodrelled3,tjodrelled3@yellowbook.com,5esVlg3K928,40684,Tyrone Jodrelle
ccrannisd4,ccrannisd4@taobao.com,PKbNV0nCEch,86944,Clarabelle Crannis
kstilgod5,kstilgod5@godaddy.com,qpMhQbcTD,93870,Kalina Stilgo
gcharnockd6,gcharnockd6@shareasale.com,3Wh85adNg,54825,Gaylor Charnock
rrouffd7,rrouffd7@plala.or.jp,pE3ExcONy,69309,Rudolph Rouff
jmarzelled8,jmarzelled8@shutterfly.com,HWQV4Z,86289,Jerrilee Marzelle
rbergind9,rbergind9@timesonline.co.uk,3yWObgBHF2G,93777,Rab Bergin
lhayerda,lhayerda@usda.gov,5pX045sD8cb,64593,Lutero Hayer
dvannetdb,dvannetdb@state.tx.us,qZzM8gbI,86991,Deva Vannet
qdeasondc,qdeasondc@typepad.com,nfaE9EuJ,23020,Quinta Deason
kcaheydd,kcaheydd@cnn.com,mkk1Cu77ea,76742,Kessia Cahey
ktinsonde,ktinsonde@pinterest.com,BeYQcUS,55430,Karolina Tinson
amcveedf,amcveedf@marriott.com,keANZdIHSOuY,71825,Ara McVee
cfulksdg,cfulksdg@webnode.com,ejgjVpD,47666,Chiarra Fulks
cdedh,cdedh@bloglovin.com,LbN5Dy,41232,Charis De Cruce
slearmouthdi,slearmouthdi@kickstarter.com,yhuIXFWQe,17486,Stephannie Learmouth
igeanedj,igeanedj@google.nl,dae3I7dPoLIS,17972,Irma Geane
mmcauslenedk,mmcauslenedk@dailymotion.com,D8YCVYW1ho,92873,Mira McAuslene
rjansedl,rjansedl@ow.ly,HJZ108GdNAMp,18829,Romy Janse
gbramptondm,gbramptondm@pbs.org,6g3XDF,29087,Gaby Brampton
scaudwelldn,scaudwelldn@gnu.org,DTZ1Pej5Mo48,23632,Sibylla Caudwell
otomsado,otomsado@army.mil,UdSTpfg,61293,Odell Tomsa
shuishdp,shuishdp@networkadvertising.org,BCIuGE962M,58680,Skelly Huish
jsugarsdq,jsugarsdq@fema.gov,NAn515tkl,48281,Johannes Sugars
cruckmandr,cruckmandr@ucsd.edu,G5ZqncLql,35684,Caroljean Ruckman
ffawlteyds,ffawlteyds@t.co,LiokPR1Bi,58106,Felicdad Fawltey
csailldt,csailldt@i2i.jp,wV9dmgxoEKKd,47685,Chariot Saill
pnurdindu,pnurdindu@accuweather.com,alaZS9fZDL9,83677,Philis Nurdin
wjefferysdv,wjefferysdv@a8.net,0ymmKtDECk,89580,Willetta Jefferys
kstopforthdw,kstopforthdw@marriott.com,hgiyG8WOl,73488,Karin Stopforth
pgingledx,pgingledx@google.com.br,V6OnPJeg0tms,99776,Portie Gingle
bparresdy,bparresdy@de.vu,54G9zA,41166,Brandea Parres
ubishdz,ubishdz@xrea.com,FPW7XaSuDb,46442,Upton Bish
eboissiere0,eboissiere0@mlb.com,R9B7nSH9,63482,Etta Boissier
mhousegoee1,mhousegoee1@cisco.com,PWnIjmZv,7086,Milli Housegoe
moverye2,moverye2@wsj.com,gOP18RyMXXo,523,Marlie Overy
moshavlane3,moshavlane3@paypal.com,xpKZghZna,29112,Malinda O'Shavlan
dtankine4,dtankine4@google.com.br,J2xNOwL,15360,Dylan Tankin
rrodenborche5,rrodenborche5@seattletimes.com,Vn7zKdTmnaUI,70379,Rip Rodenborch
upauere6,upauere6@w3.org,Lb1ioPv5Ybeb,65466,Ursola Pauer
sorringe7,sorringe7@dion.ne.jp,PBpAU6lRf4,74529,Selestina Orring
rcoveye8,rcoveye8@guardian.co.uk,AHFNeeRWV7,24694,Ruben Covey
bdecreuzee9,bdecreuzee9@nationalgeographic.com,YFNrI9UMGm,54563,Berta Decreuze
malvaradoea,malvaradoea@webnode.com,CL3nWEl1pcu,44955,Matias Alvarado
cbaleseb,cbaleseb@scribd.com,ljxXcQ,18961,Cam Bales
naimableec,naimableec@naver.com,XX16RCVj3czp,7520,Niki Aimable
bcuckooed,bcuckooed@g.co,y31Z3H7r9f,66641,Bronny Cuckoo
kskitchee,kskitchee@rediff.com,EWBfbWSAobw,75670,Kristi Skitch
rgrahlmansef,rgrahlmansef@ameblo.jp,dfAANo,59381,Rogers Grahlmans
rkiraeg,rkiraeg@wisc.edu,YRTvaDBed,9863,Rab Kira
hwolterseh,hwolterseh@last.fm,u8u4FQO3,37158,Harriott Wolters
pmorrillei,pmorrillei@adobe.com,6TXjRuNu,31887,Pamelina Morrill
tdransfieldej,tdransfieldej@e-recht24.de,JntHVkyGMzO,87499,Timotheus Dransfield
fdrakesek,fdrakesek@dailymotion.com,nSYCkGnYhaN1,89470,Ferne Drakes
fhuguenetel,fhuguenetel@mac.com,Wz0LEK1P4c,60930,Frasier Huguenet
sabrahamssonem,sabrahamssonem@wunderground.com,VUg8uB,14145,Sayres Abrahamsson
wcrossinghamen,wcrossinghamen@surveymonkey.com,HBlrcMRdV5,50479,Willamina Crossingham
ssouttereo,ssouttereo@forbes.com,j1kmNB,48330,Stoddard Soutter
smcenenyep,smcenenyep@omniture.com,wzLpl7CVAXjT,12481,Sisely McEneny
mmaldeneq,mmaldeneq@cafepress.com,7gIXlmVA4zE,1874,Mac Malden
gsouleyer,gsouleyer@desdev.cn,wL1XOiiLw,85872,Giovanni Souley
lcardooes,lcardooes@shareasale.com,Q1erdZ,59464,Lana Cardoo
mbushbyet,mbushbyet@weebly.com,6IDLT2m,57084,Meara Bushby
tfacheeu,tfacheeu@issuu.com,HJSuhf2YLi8m,89666,Thornie Fache
raudenisev,raudenisev@techcrunch.com,USR2clouP,21985,Raynell Audenis
scompfordew,scompfordew@craigslist.org,G6xcJiouLEM,3580,Seth Compford
fflattex,fflattex@latimes.com,KpgaDdMsn,47487,Fabio Flatt
hleey,hleey@blogger.com,9u8Lg9,83178,Hamlen Le land
twrothamez,twrothamez@networkadvertising.org,ZxbrETMKJpeT,93255,Tracy Wrotham
kburlayf0,kburlayf0@netvibes.com,NQY9o33J,34521,Kiley Burlay
kclunanf1,kclunanf1@tripod.com,Y0rShTJ9,7094,Kristyn Clunan
pbocklerf2,pbocklerf2@163.com,Xsu9tD,71437,Pennie Bockler
gseelyf3,gseelyf3@spiegel.de,vzvO7fW9V,97597,Gertruda Seely
knattrissf4,knattrissf4@livejournal.com,dVYW1dVL,41453,Krishna Nattriss
ldyhousef5,ldyhousef5@wikipedia.org,oHqDdw,56400,Lauryn Dyhouse
kchiccof6,kchiccof6@free.fr,0ZV4KpC0N,90689,Kath Chicco
brobinettef7,brobinettef7@facebook.com,LkF00RpnO,38168,Bryant Robinette
btomaszewskif8,btomaszewskif8@squarespace.com,YQKnAmJ1M35,52692,Bennie Tomaszewski
ogodferyf9,ogodferyf9@gravatar.com,p9Pu75yycmZ,12000,Orlando Godfery
ynelthorpefa,ynelthorpefa@godaddy.com,8EwIqzvZKZ,88169,Yorker Nelthorpe
atennockfb,atennockfb@un.org,AK4rIsPV6,2651,Aguistin Tennock
kchurchwardfc,kchurchwardfc@ed.gov,ywQm26zPY,85718,Kerry Churchward
fgermonfd,fgermonfd@homestead.com,bZ5vlGwpPNG,35480,Fonz Germon
mgwilliamsfe,mgwilliamsfe@51.la,kvnUfwWk,72399,Madelene Gwilliams
tcastendaff,tcastendaff@4shared.com,dDoPqbwFXP,45428,Trisha Castenda
cblowingfg,cblowingfg@yale.edu,EaMvSh,74204,Christopher Blowing
ehowgillfh,ehowgillfh@google.fr,QiWdWI,97970,Enrica Howgill
leringtonfi,leringtonfi@live.com,t4tQdQMrbG,16775,Laurene Erington
lharburtsonfj,lharburtsonfj@irs.gov,7vWjEsg4Oq,19259,Lannie Harburtson
tslarkfk,tslarkfk@free.fr,pG3qC0KvL5P,92294,Thorny Slark
rkeenorfl,rkeenorfl@deliciousdays.com,kssM0mn8iS7,32511,Ruthi Keenor
spagefm,spagefm@china.com.cn,EB1J43WkC,9530,Shermie Page
lmccandiefn,lmccandiefn@bravesites.com,kvSbGiBe6Zrg,93134,Lorilee McCandie
rgoomsfo,rgoomsfo@mapquest.com,meXr3fMMwN0,45070,Ralph Gooms
gkintzelfp,gkintzelfp@msn.com,C2PpZB,83545,Godart Kintzel
bblampeyfq,bblampeyfq@shutterfly.com,E48sD6S72do,38299,Benedict Blampey
mmandreyfr,mmandreyfr@bigcartel.com,NV9j9D8c3Y,73784,Margot Mandrey
cabramifs,cabramifs@npr.org,pyBNuHms7,90965,Chaunce Abrami
sconfaitft,sconfaitft@usa.gov,ThuBkbm3t,26457,Sydelle Confait
dmorbyfu,dmorbyfu@pcworld.com,FXPXpvsxO,48770,Dorotea Morby
mwickwarthfv,mwickwarthfv@kickstarter.com,uUegc2lh,91704,Merv Wickwarth
cflooksfw,cflooksfw@usatoday.com,mOjsdRQEhiXa,97701,Cullie Flooks
atibblesfx,atibblesfx@yellowbook.com,7WDnQW,81845,Anabella Tibbles
wpalmerfy,wpalmerfy@biglobe.ne.jp,PYmBmQclDzRt,11701,Winn Palmer
espencockfz,espencockfz@cyberchimps.com,WJGScWxPZZw,54633,Eddy Spencock
szorzig0,szorzig0@drupal.org,vduEhD,26765,Shane Zorzi
bianillig1,bianillig1@plala.or.jp,mzE3jZ,42254,Bobbie Ianilli
drogierg2,drogierg2@gizmodo.com,rwXY5c,59806,Dare Rogier
rbownesg3,rbownesg3@techcrunch.com,ZyiszbkLdw3,69374,Rabbi Bownes
mhayterg4,mhayterg4@bloglines.com,Ub7C0QgXo1x,8459,Mattias Hayter
sbumbyg5,sbumbyg5@npr.org,pj7bbddZ,85963,Salmon Bumby
lpowerg6,lpowerg6@icio.us,8oH58gfA8X,65901,Lizzy Power
lbowrag7,lbowrag7@freewebs.com,BDBmMY,18223,Lynda Bowra
bgurgeg8,bgurgeg8@constantcontact.com,GxWNT8oo4,18340,Bernetta Gurge
scarwithimg9,scarwithimg9@godaddy.com,C3d9Ir3zlm,8024,Skipper Carwithim
cizkoviczga,cizkoviczga@npr.org,MiVHV9Nrx,20660,Clerkclaude Izkovicz
hfilippogb,hfilippogb@g.co,6MAlOELj,18184,Hedi Filippo
jvolksgc,jvolksgc@hexun.com,YEjfZD9wM,1668,Jeddy Volks
mcrellimgd,mcrellimgd@ameblo.jp,YLncZzPsEw6,76660,Mathias Crellim
jgarkenge,jgarkenge@indiegogo.com,I76bOHOE7k,20319,Jilli Garken
dzavattierogf,dzavattierogf@twitpic.com,YClM7fBK1mql,60350,Dulsea Zavattiero
tbrushfieldgg,tbrushfieldgg@ovh.net,WCWsfsiY95,94168,Tanya Brushfield
evasyaevgh,evasyaevgh@ezinearticles.com,mtakId,66507,Erin Vasyaev
sposergi,sposergi@feedburner.com,is9c6m4Nwcj,60549,Shelby Poser
gghirardigj,gghirardigj@sourceforge.net,WT1v4Ack7E3,43238,Gayle Ghirardi
logk,logk@mac.com,fEzRqFO2,13904,Lenard O' Liddy
mcrambgl,mcrambgl@ow.ly,EI4kEuOB9N4,91109,Monica Cramb
vlivingstongm,vlivingstongm@cnet.com,u2IQ3jyp4,95503,Verney Livingston
blathwellgn,blathwellgn@squarespace.com,Nr7OHHU,85125,Bondy Lathwell
bpettersgo,bpettersgo@wired.com,SrggPd4cddrU,53026,Bryn Petters
amossgp,amossgp@qq.com,FBqgM5o4,47625,Ali Moss
pisseleegq,pisseleegq@army.mil,zO49xPLIq,67908,Phil Isselee
wcailegr,wcailegr@paypal.com,wa7y1Tu0yb,87698,Wren Caile
wjodrellecgs,wjodrellecgs@blogger.com,lkHi4YK,92031,Wanids Jodrellec
mjollimangt,mjollimangt@mediafire.com,5lRiqEVmPK,38161,Mikel Jolliman
ymaticgu,ymaticgu@blogspot.com,1q0TdhJW,2842,Yule Matic
ghirthgv,ghirthgv@123-reg.co.uk,cZySCNO,59996,Giusto Hirth
mhalidaygw,mhalidaygw@imdb.com,vszSTkP1IPh,16338,Morley Haliday
hhawfordgx,hhawfordgx@g.co,yQSzbr15Wo1,15855,Heda Hawford
lcaswellgy,lcaswellgy@discovery.com,T4XxSheayAE,5601,Lani Caswell
ddriversgz,ddriversgz@discovery.com,Rf09tR,72393,Darnall Drivers
bogglebieh0,bogglebieh0@oakley.com,PRFzdTld5,79627,Bastien Ogglebie
bparmeterh1,bparmeterh1@bravesites.com,Zb8Q0V,36747,Brucie Parmeter
kdayborneh2,kdayborneh2@sciencedaily.com,GWSixoDF,9666,Killian Dayborne
vcassinh3,vcassinh3@123-reg.co.uk,ivkBBf2IIQaK,94435,Violante Cassin
twillarsh4,twillarsh4@printfriendly.com,72hVg76cpMt,97936,Tracy Willars
nmeryetth5,nmeryetth5@independent.co.uk,OglRMiiL1qqx,34427,Natale Meryett
hardenh6,hardenh6@lulu.com,V8riSr,82302,Howey Arden
wstriblingh7,wstriblingh7@rambler.ru,i02OK667,9088,Wilton Stribling
docahsedyh8,docahsedyh8@ftc.gov,1qUW2M,58140,Dougie O'Cahsedy
bmerriotth9,bmerriotth9@bizjournals.com,zJHNvHrCKu,82790,Belicia Merriott
mlermitha,mlermitha@ask.com,S5Y03AKBS6nN,34245,Mahmud Lermit
pkerwinhb,pkerwinhb@census.gov,gHZKrgy,69795,Perry Kerwin
hclaveringhc,hclaveringhc@apple.com,p6fexuvFqOns,30922,Honor Clavering
nshorlandhd,nshorlandhd@apple.com,uUtxvr6WN,20007,Noak Shorland
cbummfreyhe,cbummfreyhe@wix.com,uswt9oBE,96676,Cesare Bummfrey
ooboylehf,ooboylehf@so-net.ne.jp,XJE8xposl,99321,Oliviero O'Boyle
kbelfordhg,kbelfordhg@intel.com,0EkVUJiePD,70030,Kathe Belford
dplowshh,dplowshh@vistaprint.com,OdOshQnC8EgN,50666,Denys Plows
amckeeverhi,amckeeverhi@a8.net,z4himySPD99C,95796,Alicia McKeever
wfantinihj,wfantinihj@cnbc.com,BI4UCqtV,25445,Wrennie Fantini
sminothk,sminothk@ucoz.ru,oINYbEOVmYY,39871,Suzie Minot
rklaashl,rklaashl@paypal.com,7ClQeKvhinI,31613,Richart Klaas
dlivesleyhm,dlivesleyhm@techcrunch.com,LzEJ0x,92588,Dag Livesley
jcraigheidhn,jcraigheidhn@vimeo.com,x196IPa,44990,Jeniffer Craigheid
nbelchemho,nbelchemho@histats.com,SzOFEz475MyL,54836,Natal Belchem
mmillarhp,mmillarhp@lulu.com,ZopgVdeOrk6,55644,Marsh Millar
cnixonhq,cnixonhq@artisteer.com,KQrVy5Mv,87524,Cathi Nixon
ckupkahr,ckupkahr@booking.com,pokVuj,49521,Cammy Kupka
cmatzenhs,cmatzenhs@comsenz.com,kxAho1ro7maX,73908,Carr Matzen
mkoppeht,mkoppeht@storify.com,xQ5pPgBALJ,46407,Michael Koppe
lgillingshu,lgillingshu@prlog.org,aDBCSsstJjkQ,67709,Leonhard Gillings
gmaingothv,gmaingothv@shop-pro.jp,6CGdwr,70594,Grazia Maingot
mflancinbaumhw,mflancinbaumhw@wp.com,9aJ4PbxjCQQD,12338,Marcelia Flancinbaum
dgreveshx,dgreveshx@illinois.edu,9THKMUC,20279,Dante Greves
cmithamhy,cmithamhy@google.it,CxpFn8oZW,5544,Cele Mitham
gbeddohz,gbeddohz@dyndns.org,Pm9zsD9cFo,18703,Gratiana Beddo
hgoodboddyi0,hgoodboddyi0@elegantthemes.com,5DHj2O6,40370,Hanan Goodboddy
vgreadyi1,vgreadyi1@list-manage.com,zbuwBOykrOL0,90058,Vikky Gready
ksandysi2,ksandysi2@typepad.com,f3XmH4wHNgB,51637,Kylen Sandys
bfuncheoni3,bfuncheoni3@hhs.gov,lkR0bcy2xi9,56738,Beale Funcheon
sragdalei4,sragdalei4@mapy.cz,lvNWSQ,94286,Staford Ragdale
cskeldoni5,cskeldoni5@dell.com,ONrKXWBH,16289,Camila Skeldon
tdenleyi6,tdenleyi6@wikispaces.com,zboOfgi,35441,Tracee Denley
bmacguinessi7,bmacguinessi7@ucsd.edu,HvTz4U,62316,Berton MacGuiness
nsimmsi8,nsimmsi8@addtoany.com,c76U0gT7h,33692,Nevsa Simms
bmeei9,bmeei9@cnn.com,PJg04GoH,58432,Bobette Mee
pcottisia,pcottisia@google.co.jp,tOCC3Pwm4CI,76965,Paula Cottis
mmidlaneib,mmidlaneib@mtv.com,KxnyeObGvVqV,75906,Manfred Midlane
cdunstallic,cdunstallic@gov.uk,aqwLTjfS,48982,Carlynn Dunstall
tpendleberryid,tpendleberryid@jimdo.com,9aO91Z,10047,Truman Pendleberry
cbertotie,cbertotie@hc360.com,MO4twHZhzEx,26411,Carr Bertot
lhearndenif,lhearndenif@cnn.com,kMeXYC,51928,Larine Hearnden
lbridleig,lbridleig@youtube.com,n1yVqCZ,76777,Leslie Bridle
phaugih,phaugih@qq.com,RchO0s407Ho,81489,Paulo Haug
jhakesii,jhakesii@theguardian.com,dUCsRYCtlW,83346,Jephthah Hakes
sboullenij,sboullenij@intel.com,Aa39Fsn0xj,62590,Serge Boullen
cjaradik,cjaradik@squidoo.com,1QOpOZif1z,74597,Cristine Jarad
oasletil,oasletil@timesonline.co.uk,E66dwIE,68928,Oralia Aslet
cgroganim,cgroganim@dagondesign.com,J4mlZc,72972,Colver Grogan
khugoninin,khugoninin@linkedin.com,RNTKkDwCuv,73705,Kordula Hugonin
mbiffinio,mbiffinio@aboutads.info,7JyvQc,9,Monte Biffin
abaradelip,abaradelip@t.co,he07s3,50266,Anissa Baradel
hsmithsiq,hsmithsiq@feedburner.com,hOvPJ8lRMVN,96504,Hollie Smiths
nprebleir,nprebleir@cnn.com,g2peKV,97626,Nat Preble
sgarmonis,sgarmonis@lycos.com,pQGKl8tj,32053,Sammy Garmon
aubankit,aubankit@tuttocitta.it,Wqsem0tPb,97544,Auguste Ubank
bperetiu,bperetiu@samsung.com,JJdT4BePQ,2276,Berthe Peret
svarianiv,svarianiv@merriam-webster.com,QEJplD,53635,Siward Varian
nkinvaniw,nkinvaniw@sitemeter.com,rdrFno,92461,Nevins Kinvan
asinclaireix,asinclaireix@bing.com,BrHrVSgjGpy,41441,Andris Sinclaire
mkenwelliy,mkenwelliy@cnet.com,xwljSzfq8,66636,Marcile Kenwell
jhauxbyiz,jhauxbyiz@thetimes.co.uk,P2TrWb,21297,Jessy Hauxby
nnormavillj0,nnormavillj0@sogou.com,OW1017zBDytp,75293,Nikolos Normavill
rswinglehurstj1,rswinglehurstj1@theglobeandmail.com,rLaMJWaViMS8,61711,Raimondo Swinglehurst
vleveragej2,vleveragej2@linkedin.com,BgShHhQB,65933,Valentijn Leverage
lgostagej3,lgostagej3@youku.com,m6BOaL5j5PAm,37735,Leigh Gostage
cmcleanj4,cmcleanj4@linkedin.com,8g63Hi7sqB,13555,Charo McLean
bbullonj5,bbullonj5@soup.io,6uX9s41O,31322,Barney Bullon
mgasnollj6,mgasnollj6@auda.org.au,xOCx92,83225,Merl Gasnoll
aswaddenj7,aswaddenj7@mozilla.org,eAQUxcU3TZxg,71211,Ad Swadden
elanbertonij8,elanbertonij8@wikispaces.com,ak7uDj,32112,Edith Lanbertoni
dfaulkenerj9,dfaulkenerj9@mayoclinic.com,uOVuHRA,12995,Darby Faulkener
bbrieretonja,bbrieretonja@mayoclinic.com,XURgNV5xYWe,44070,Bradford Briereton
jmizzijb,jmizzijb@springer.com,wHQP8MBnhb,55391,Julianne Mizzi
mfintophjc,mfintophjc@paypal.com,itOjWJa,13813,Maurine Fintoph
sjanteljd,sjanteljd@ycombinator.com,JnMzWN2iE9Y,84995,Sybilla Jantel
vkybbyeje,vkybbyeje@mlb.com,aJR3J9w2Ck,91712,Vince Kybbye
klovekinjf,klovekinjf@php.net,C5DmmO4hAB,12437,Karoline Lovekin
msamperjg,msamperjg@wufoo.com,LskAFisuULDm,17994,Mab Samper
bbathowejh,bbathowejh@washingtonpost.com,GUNMfTS3Xk7G,93588,Bobbi Bathowe
epriddieji,epriddieji@nbcnews.com,ShlTaUDG0,13526,Ellis Priddie
agibbensjj,agibbensjj@canalblog.com,Ewa4KNG,98269,Adria Gibbens
mwaelandjk,mwaelandjk@netlog.com,kDjyp6a,26024,Mirelle Waeland
mfleckneyjl,mfleckneyjl@wix.com,nKQqn7KxHp,13468,Marthe Fleckney
dblackfordjm,dblackfordjm@zimbio.com,N9Rvrp,49495,Duky Blackford
bstientonjn,bstientonjn@wordpress.com,2rTdGCJE4N,62926,Billy Stienton
mlyndonjo,mlyndonjo@mac.com,7oPaJo,73382,Mannie Lyndon
lcockshuttjp,lcockshuttjp@rediff.com,hrBnCVb6o30,20333,Lebbie Cockshutt
nbeverstockjq,nbeverstockjq@vk.com,k2euxASP,27623,Nesta Beverstock
rrablanjr,rrablanjr@mozilla.org,sfTiae8,84650,Rafi Rablan
adouljs,adouljs@pen.io,zhBeyR9JDA,36413,Adeline Doul
csievewrightjt,csievewrightjt@mozilla.org,ey4OYHWKDR,47585,Chickie Sievewright
crylesju,crylesju@spotify.com,hPRjzWS,85633,Cy Ryles
jjouannotjv,jjouannotjv@altervista.org,wOCs4GU,15461,Jordain Jouannot
dogeneayjw,dogeneayjw@bloglovin.com,H4zwzvNpk,19593,Donielle O'Geneay
rdewanejx,rdewanejx@reference.com,zSbmu7nPsnx,9498,Randi Dewane
aborelandjy,aborelandjy@cam.ac.uk,zC4l7yxm6j,15988,Ashil Boreland
zsellarsjz,zsellarsjz@newsvine.com,a593mTjMTxnz,92975,Zelma Sellars
cearthfieldk0,cearthfieldk0@accuweather.com,z0z7Rt,8391,Christophorus Earthfield
eaureliusk1,eaureliusk1@about.me,yTo79PD5j,65467,Em Aurelius
rweakleyk2,rweakleyk2@wix.com,EGSDQYj,94407,Robbie Weakley
spendlentonk3,spendlentonk3@symantec.com,Sd0yq8Ev,72131,Sam Pendlenton
fmaccafferkyk4,fmaccafferkyk4@opera.com,OFAuN8,12948,Fredrick MacCafferky
fphizackarleyk5,fphizackarleyk5@diigo.com,qOJHoBms,54325,Farr Phizackarley
gwilsteadk6,gwilsteadk6@smugmug.com,yImEg74z0A,39853,Goober Wilstead
csmealk7,csmealk7@taobao.com,n1yMkAQ,31875,Claudelle Smeal
kgorkek8,kgorkek8@free.fr,R7SKJZ7BO0xP,7478,Katinka Gorke
mwitcherk9,mwitcherk9@wikispaces.com,dckGbkEn,77154,Marcia Witcher
ocloughtonka,ocloughtonka@imageshack.us,BYmsm9igcSz,12898,Odie Cloughton
ydoriekb,ydoriekb@amazon.co.uk,TRZSfRqV,66272,Yule Dorie
lvernekc,lvernekc@timesonline.co.uk,ZKZKUd,6991,La verne Hallede
dmitiekd,dmitiekd@latimes.com,BLCEhu3pl5,71962,Delbert Mitie
bbaishke,bbaishke@baidu.com,oVmmtGmqcSr,83523,Brandise Baish
echithamkf,echithamkf@gmpg.org,fcQFWP,44121,Evy Chitham
cpapekg,cpapekg@samsung.com,LHID0Lv,20180,Carmita Pape
clhommeekh,clhommeekh@delicious.com,2k17zqIUq1,28732,Conni L'Hommee
lundrellki,lundrellki@ustream.tv,FAQF1uHtBnx,88779,Lisetta Undrell
nmccritichiekj,nmccritichiekj@macromedia.com,S7CHojv,76788,Natassia McCritichie
lbedberrykk,lbedberrykk@apple.com,zoA4p6Ca,67106,Liva Bedberry
rmcmurraykl,rmcmurraykl@flickr.com,FLA6ex8,53051,Rudie McMurray
mmaceurkm,mmaceurkm@plala.or.jp,70J1YZD8,21262,Marya Maceur
cwhittingtonkn,cwhittingtonkn@adobe.com,PNkVgO7wrOE,19980,Cassey Whittington
jmcclayko,jmcclayko@weebly.com,M2rqzdhX1pd,58190,Johnny McClay
ddybellkp,ddybellkp@smugmug.com,D7GmRxZITTF,42524,De Dybell
cmercikkq,cmercikkq@salon.com,skrrKWH,22429,Ciel Mercik
mkitcattkr,mkitcattkr@bing.com,8i5Xx6vP,23493,Merv Kitcatt
jstorahks,jstorahks@rakuten.co.jp,kvnpRKXx,40118,Jeremias Storah
kcoetzeekt,kcoetzeekt@ask.com,dtevBHz,56337,Kendrick Coetzee
dgrowcottku,dgrowcottku@bigcartel.com,LTYF8G,80688,Donalt Growcott
lkemberkv,lkemberkv@umich.edu,XsnhUgK,19758,Lucius Kember
dgibbskw,dgibbskw@deliciousdays.com,rYMfiN,26566,Dominic Gibbs
gbourdiskx,gbourdiskx@wisc.edu,yJh3hm3mqY,92716,Germaine Bourdis
ymuckky,ymuckky@addthis.com,yWhZIryU72uE,11099,Yevette Muck
bofeenykz,bofeenykz@tmall.com,507dx75E,76564,Barthel O'Feeny
hhatreyl0,hhatreyl0@blinklist.com,k5MPk7,60006,Harri Hatrey
bbarhimsl1,bbarhimsl1@usnews.com,zqGv0KpVr,19448,Ber Barhims
gcloustonl2,gcloustonl2@meetup.com,fmPkxdm2Dza,90771,Gar Clouston
dmorrelll3,dmorrelll3@tumblr.com,K9z5wXSqhqIs,93339,Derrik Morrell
dstickneyl4,dstickneyl4@msn.com,GJL5DpV0gN,26271,Daryl Stickney
dslimanl5,dslimanl5@vinaora.com,gPGSZi,69627,Den Sliman
rcodil6,rcodil6@php.net,3vqgsZBtk,9558,Reuben Codi
mhugonnetl7,mhugonnetl7@msu.edu,hizQgi4Q,39859,Marthe Hugonnet
wblaaschl8,wblaaschl8@shutterfly.com,HdNF08YdYxiz,95891,Will Blaasch
jimpletonl9,jimpletonl9@cbc.ca,5JX8FRl07X1,80400,Jess Impleton
gmccaugheyla,gmccaugheyla@de.vu,bobpI1mWvV,6004,Ginger McCaughey
msuttabylb,msuttabylb@cloudflare.com,xFlHHCRT,60644,Modestia Suttaby
gfraynlc,gfraynlc@mac.com,3OQhMIR,94329,Grantham Frayn
grussanld,grussanld@g.co,KlCYUZ,63471,Goran Russan
fbortoluzzile,fbortoluzzile@bluehost.com,Y0lwSWN,20491,Felicio Bortoluzzi
sjeffslf,sjeffslf@umn.edu,D6iT2E,37851,Shermie Jeffs
nsellerlg,nsellerlg@geocities.com,F3nv7MOjXZ4,11775,Nadeen Seller
tdyshartlh,tdyshartlh@slate.com,dQAA1ppQ6Aei,52758,Teresina Dyshart
ucandwellli,ucandwellli@who.int,hx2qAMG0kvj,21448,Ursa Candwell
tsaltreselj,tsaltreselj@reuters.com,SOR0sgi0D,15195,Toni Saltrese
aewenslk,aewenslk@oaic.gov.au,j0MNb3VhwCWk,34134,Alene Ewens
tiltchevll,tiltchevll@google.fr,CeHuF2w,46369,Teri Iltchev
ivictorialm,ivictorialm@ezinearticles.com,7GpEPUl,69984,Imojean Victoria
rtoyerln,rtoyerln@baidu.com,k3tcEY,93976,Rubetta Toyer
wlyfelo,wlyfelo@wired.com,cIs2DI1e30O,60121,Waylen Lyfe
rgynnlp,rgynnlp@tripadvisor.com,Uvzo1J8Xaoby,62902,Ruby Gynn
ccadremanlq,ccadremanlq@etsy.com,Ot1zJvwuh,44050,Clara Cadreman
mdulinlr,mdulinlr@sitemeter.com,rGesdLuWqTrA,59691,Malia Dulin
hbeallls,hbeallls@wiley.com,k8noXhsRXzxL,26305,Henderson Beall
eashmentlt,eashmentlt@cbsnews.com,qT34ZNFWAXM,46866,Edouard Ashment
hsivilllu,hsivilllu@wikipedia.org,SRnyYYMzKH0b,976,Hansiain Sivill
tmaunselllv,tmaunselllv@wsj.com,bqdsYrt2l,62967,Tildie Maunsell
sgiacomettilw,sgiacomettilw@wp.com,QrGTAibmhxTb,14233,Storm Giacometti
mvispolx,mvispolx@miitbeian.gov.cn,H2h6BK7c,93247,Matilde Vispo
fsiddlely,fsiddlely@narod.ru,gRA0xx85,7653,Fiorenze Siddle
mmattiellolz,mmattiellolz@telegraph.co.uk,ALxmgxEItz,25819,Milly Mattiello
sdemcikm0,sdemcikm0@japanpost.jp,D5DSseGoQV2X,64301,Suellen Demcik
ustanmorem1,ustanmorem1@wp.com,TPuW8bhQ2,43289,Umberto Stanmore
amahaddym2,amahaddym2@google.co.jp,BY5crDZ,82752,Amber Mahaddy
ltudgem3,ltudgem3@gnu.org,6nXFwkE,88301,Lilyan Tudge
bolahym4,bolahym4@wix.com,vVV8ZI5o1,14980,Beryle O'Lahy
kflethamm5,kflethamm5@bluehost.com,nZGoD9C4eq,23722,Kati Fletham
wdiglem6,wdiglem6@shutterfly.com,5Pyme0,50321,Winfield Digle
rsoggeem7,rsoggeem7@quantcast.com,ohM1KM0W0A,40334,Rafael Soggee
jwylderm8,jwylderm8@addthis.com,vbVGw8XDdm6,17680,Jacenta Wylder
bfrankhamm9,bfrankhamm9@microsoft.com,3CJdJLLc7k,96092,Baird Frankham
hdema,hdema@goo.ne.jp,ghDoG3TESmaZ,39911,Heida De Launde
jqueripelmb,jqueripelmb@un.org,UYiJmXlzHZAw,5827,Jere Queripel
rboarermc,rboarermc@dailymotion.com,9BJ9aFeTyWJ,26733,Rorke Boarer
smayhowmd,smayhowmd@wordpress.com,69wfuVKI5du,94244,Sandie Mayhow
gdawidowiczme,gdawidowiczme@uol.com.br,WODKNnCov1j,8472,Gianina Dawidowicz
jsnooksmf,jsnooksmf@bbc.co.uk,1wQM2KFRLhvU,76460,Joel Snooks
mchrystiemg,mchrystiemg@who.int,oVVgv5zj,72888,Morten Chrystie
cgilvearmh,cgilvearmh@barnesandnoble.com,a8q15sn,37678,Chad Gilvear
ktofaninimi,ktofaninimi@who.int,91hk7dKLEh,56022,Kate Tofanini
nhardwichmj,nhardwichmj@usa.gov,IeGadH,22484,Nariko Hardwich
kjosilevichmk,kjosilevichmk@admin.ch,qlYo00N,86712,Kerri Josilevich
ngoldieml,ngoldieml@imgur.com,GRauynzyJKw,78917,Nappie Goldie
kbarochmm,kbarochmm@technorati.com,g9ep1LX,38718,Karola Baroch
cruprechtermn,cruprechtermn@ebay.co.uk,zdEr5NY,92723,Consolata Ruprechter
lwoodingsmo,lwoodingsmo@dell.com,KMu8TqgNZ,78085,Leshia Woodings
tbarendtsenmp,tbarendtsenmp@netvibes.com,XAj7DF,61096,Tori Barendtsen
wfermormq,wfermormq@samsung.com,BgOoWe0CUp,44370,Willette Fermor
mhorribinemr,mhorribinemr@epa.gov,8TIvm91f,60404,Maitilde Horribine
agerreyms,agerreyms@chron.com,UnJFkj,81131,Alameda Gerrey
peassonmt,peassonmt@addtoany.com,q2lXwg9mE8,10874,Pietro Easson
komullallymu,komullallymu@cbc.ca,KitQpnDld,24154,Karla O'Mullally
ccrockermv,ccrockermv@about.com,0fHHUtYvRfdN,87229,Clem Crocker
vpolinmw,vpolinmw@github.com,Fnp0noqGRfK,16152,Vitia Polin
afluinmx,afluinmx@ycombinator.com,tW2U9MEu7wl,72736,Amitie Fluin
jhowattmy,jhowattmy@zdnet.com,jHpMQ50y3FmJ,3426,Jamima Howatt
serrichiellomz,serrichiellomz@goo.gl,tWeBDPXTydV,86060,Saraann Errichiello
psommerlandn0,psommerlandn0@salon.com,eHUxyKU9giv,4381,Percy Sommerland
mstienhamn1,mstienhamn1@hexun.com,oTqRLnIhl,35422,Minnie Stienham
fklugeln2,fklugeln2@admin.ch,KN8aQ9,70940,Felicity Klugel
aseyffertn3,aseyffertn3@aboutads.info,CmKQk1mmUrf,45689,Alfredo Seyffert
chiddyn4,chiddyn4@google.co.jp,MSIcXe3B,37340,Cordie Hiddy
jkensingtonn5,jkensingtonn5@gnu.org,Raml1ZxPfWS,56107,Jenn Kensington
wbilovskyn6,wbilovskyn6@exblog.jp,WBZtg2a,40816,Welby Bilovsky
foldhamn7,foldhamn7@house.gov,uJORzu,32506,Franklyn Oldham
mblanningn8,mblanningn8@jigsy.com,csyp0w,24878,Mufinella Blanning
cbarben9,cbarben9@webs.com,8OgqN4pHi,56728,Clywd Barbe
gstarbuckena,gstarbuckena@home.pl,VEL441HMhd,54074,Gerrilee Starbucke
gclynenb,gclynenb@macromedia.com,3V8JBG,27058,Gayel Clyne
iwolfendennc,iwolfendennc@unc.edu,djattVRk3cR,34174,Ingeberg Wolfenden
lsnaddennd,lsnaddennd@about.com,lONu9EM,80180,Leoline Snadden
abavidgene,abavidgene@yelp.com,jKyGvy,74666,Alejoa Bavidge
eholbienf,eholbienf@weather.com,B0lNn5eN,79075,Eleanor Holbie
ckellickng,ckellickng@dmoz.org,DhtBBYC,78064,Caz Kellick
dgislebertnh,dgislebertnh@slideshare.net,AWhSVcVhB,80451,Daphna Gislebert
dthornallyni,dthornallyni@posterous.com,2BkQwk,85481,Dame Thornally
tmagwoodnj,tmagwoodnj@odnoklassniki.ru,Oiq01fxXZ5,66945,Townsend Magwood
rewannk,rewannk@shutterfly.com,Du10GnJxSO8e,29889,Rurik Ewan
bpagannl,bpagannl@bizjournals.com,2UAaY2,57765,Benni Pagan
glevanenm,glevanenm@ca.gov,UlGUoaHH,61377,Genevieve Levane
jlandalnn,jlandalnn@census.gov,daqhNX9s02,95868,Justus Landal
blamminno,blamminno@vinaora.com,pTHQcImv8ni,40900,Bret Lammin
gpauluccinp,gpauluccinp@theatlantic.com,2Jgdvitk,32882,Geri Paulucci
adumbrecknq,adumbrecknq@odnoklassniki.ru,uzdPcDCXEHGB,76746,Arther Dumbreck
acrollmannr,acrollmannr@discuz.net,waeTfNYcD,96044,Arlen Crollman
apolettons,apolettons@ezinearticles.com,CVUoyVpb,36168,Anjela Poletto
mprevostnt,mprevostnt@ezinearticles.com,KfZpgWy,659,Madalyn Prevost
smilesnu,smilesnu@vkontakte.ru,4e5VWf07fi,62127,Stanleigh Miles
vmackriellnv,vmackriellnv@4shared.com,QPlKE3YtFM,78767,Veda Mackriell
yosmundnw,yosmundnw@photobucket.com,VoChe9etA,1373,Yvonne Osmund
mspadazzinx,mspadazzinx@aol.com,sDPytbQ,69853,Millicent Spadazzi
alarkworthyny,alarkworthyny@unicef.org,t7roBvOJz,38796,Amby Larkworthy
mbrittlesnz,mbrittlesnz@t.co,dfGQinc4NpH,97234,Mattias Brittles
arichardeauo0,arichardeauo0@imageshack.us,AWpsmVl,77818,Agretha Richardeau
akirsoppo1,akirsoppo1@patch.com,GO4HAE,77111,Alethea Kirsopp
nmedwello2,nmedwello2@phpbb.com,jLWe4Hc,57251,Nat Medwell
cwadeo3,cwadeo3@state.tx.us,MPzmZXX,5058,Carmelina Wade
tashlingo4,tashlingo4@si.edu,RTiwlY,6454,Thorin Ashling
mkiteo5,mkiteo5@diigo.com,70kjVmMk,4262,Mattias Kite
dandrocko6,dandrocko6@forbes.com,XhKzmap,32171,Dee Androck
pgoveyo7,pgoveyo7@ask.com,AdgZP0XvxE,54614,Patric Govey
qcrutchero8,qcrutchero8@soup.io,sSeX6koKe,61328,Quinton Crutcher
mthomelo9,mthomelo9@icq.com,1MELEIaW63k,98877,Minni Thomel
rnoblesoa,rnoblesoa@artisteer.com,WDqKG792ldA,76574,Regina Nobles
mgallandersob,mgallandersob@jugem.jp,YttgUPG7y,78691,Mercedes Gallanders
zbelfitoc,zbelfitoc@answers.com,jQ3peCIE,24184,Zebulon Belfit
msiviourod,msiviourod@nhs.uk,FLjM6Fro,31246,Meghan Siviour
rchurchardoe,rchurchardoe@smugmug.com,1CUmOfcZWQn,61822,Randy Churchard
dforsythof,dforsythof@vistaprint.com,dPVAmioWL,45356,Drusi Forsyth
awindramog,awindramog@miibeian.gov.cn,HFYCA9d,87666,Ange Windram
ihablotoh,ihablotoh@skype.com,PyI8WFIeO2,37969,Isidore Hablot
jmulqueenoi,jmulqueenoi@wordpress.org,XpQwNJUbNW,13105,Jennifer Mulqueen
fcrosfeldoj,fcrosfeldoj@hibu.com,lZk0Qd5JHg,55808,Fitzgerald Crosfeld
cwegmanok,cwegmanok@forbes.com,32WAGZY19FS,18808,Charley Wegman
bjosilevichol,bjosilevichol@boston.com,2o1CDo,63599,Berry Josilevich
eromerilom,eromerilom@epa.gov,KhUKJIqbMi,59209,Em Romeril
ksabateon,ksabateon@reference.com,yFjzXLN,55732,Kathrine Sabate
senosoo,senosoo@webmd.com,awiBeGqM,23997,Steffie Enos
jmcquillinop,jmcquillinop@accuweather.com,ZbMBcogs,62548,Jacquetta McQuillin
edewhurstoq,edewhurstoq@booking.com,Mcl5naV1xW,95114,Edna Dewhurst
cdanshinor,cdanshinor@miibeian.gov.cn,5ofbpeYJMrCI,79272,Cecil Danshin
esneezemos,esneezemos@ustream.tv,h6xh4E,21452,Emlyn Sneezem
mdallaghanot,mdallaghanot@xrea.com,t6CrwZoeHcI,1898,Michal Dallaghan
jkingswoodou,jkingswoodou@acquirethisname.com,O1R1aH,64583,Jillian Kingswood
idooneyov,idooneyov@cocolog-nifty.com,tDNAua,80711,Isadore Dooney
myackiminieow,myackiminieow@boston.com,bIfNI3ZO19P1,38897,Maddy Yackiminie
vtunniclisseox,vtunniclisseox@cpanel.net,3gCE8wEockk7,11729,Vanessa Tunniclisse
odanfordoy,odanfordoy@blog.com,wfAzLKkJ,63734,Oneida Danford
hkonertoz,hkonertoz@time.com,OZTPnQAsk3U,52281,Haven Konert
fsheldonp0,fsheldonp0@nasa.gov,XwErSkO6,20455,Francis Sheldon
cstroyanp1,cstroyanp1@cbsnews.com,FjEFOBlM,9113,Clarissa Stroyan
ndoutyp2,ndoutyp2@sphinn.com,WwUWKk,34361,Nissy Douty
amartschkep3,amartschkep3@blogtalkradio.com,oWUanjmspC,57905,Anabel Martschke
khuisonp4,khuisonp4@storify.com,GNiqY3,75804,Kevan Huison
nsauntonp5,nsauntonp5@rediff.com,8wHa6Qzwe,35759,Napoleon Saunton
ejeffelsp6,ejeffelsp6@epa.gov,Qq6iy3E5B,24172,Eugenie Jeffels
cwidmoorp7,cwidmoorp7@spiegel.de,wn0W3n,30200,Corbin Widmoor
kvillap8,kvillap8@google.com.hk,C0zPArHaYR,77854,Kerri Villa
egrinovp9,egrinovp9@alexa.com,mHyaJNL,26375,Ewan Grinov
gbagwellpa,gbagwellpa@google.cn,vGRNyhkQCmqb,16139,Gary Bagwell
ddelnevopb,ddelnevopb@ibm.com,wrzXBY8ajL,6611,Desiri Delnevo
mcampbellpc,mcampbellpc@lycos.com,p86PbHVXr,42666,Montague Campbell
jgrassotpd,jgrassotpd@fda.gov,9dyD0lf,70731,Joanne Grassot
jrushburype,jrushburype@symantec.com,oUm2qfwEHaR,71436,Jo Rushbury
tsanterpf,tsanterpf@house.gov,pAm7CKTWJzC,50929,Tedman Santer
flatliffpg,flatliffpg@google.ru,dlqdBY,9770,Felipa Latliff
cchantillonph,cchantillonph@blogger.com,yWI8o7jA,42616,Celestyna Chantillon
lsipsonpi,lsipsonpi@naver.com,bFL6Uf,27308,Lonee Sipson
lyoungpj,lyoungpj@wiley.com,WRgJijpn,34797,Lynelle Young
rfallowespk,rfallowespk@so-net.ne.jp,0wc0zWj6u37,44754,Ronalda Fallowes
vallmarkpl,vallmarkpl@google.com.au,BNiU0T,63652,Vernon Allmark
dmcgrawpm,dmcgrawpm@networkadvertising.org,VZZpQZXXzR,27883,Dimitry McGraw
ecromiepn,ecromiepn@boston.com,Hp9eHL3omk4v,38679,Eulalie Cromie
mogleypo,mogleypo@pen.io,4HRzSDaWQA,43426,Moritz Ogley
sselmanpp,sselmanpp@zimbio.com,Add6ebvu2y2c,56357,Sascha Selman
kharbisonpq,kharbisonpq@tiny.cc,POZXOmMzOo9,11759,Kali Harbison
gbrumenpr,gbrumenpr@blogspot.com,z59x7HkyEKJ,70028,Garnette Brumen
gstateps,gstateps@taobao.com,M7x6gYPX0W,38052,Gerri State
cfrayspt,cfrayspt@lycos.com,WiQWjbxJJQ,56056,Chiquia Frays
tsreenanpu,tsreenanpu@sbwire.com,5erjtAcK,76177,Thekla Sreenan
mcartmalepv,mcartmalepv@huffingtonpost.com,CU4nY0q,83585,Mellisent Cartmale
dbabepw,dbabepw@seesaa.net,mPZ39MHllZSS,10408,Dorey Babe
mhowardpx,mhowardpx@paginegialle.it,SQjCmYB9C6,26845,Moreen Howard
edaldrypy,edaldrypy@imdb.com,ZZJv4mGRBB7D,45604,Emalia Daldry
jmacgraghpz,jmacgraghpz@elpais.com,SqXnaj3Pr,51744,Janette MacGragh
mcaffinq0,mcaffinq0@bbb.org,uJEIG7Orm,98129,Mozelle Caffin
cmaidlowq1,cmaidlowq1@freewebs.com,dDm9QLM,52170,Carena Maidlow
amarkeq2,amarkeq2@mail.ru,Cbjn7K7Gr,51324,Abie Marke
bhaineyq3,bhaineyq3@deliciousdays.com,tvwPsbJ,47859,Berthe Hainey
tturneauxq4,tturneauxq4@51.la,jBZ0Gou6P,55141,Tawsha Turneaux
jprestedgeq5,jprestedgeq5@marketwatch.com,fw920mQ7,3482,Jens Prestedge
npittendreighq6,npittendreighq6@artisteer.com,nbmzudQHn,60150,Nathan Pittendreigh
bchildq7,bchildq7@networksolutions.com,Lf6pp7,54884,Bria Child
ddonlonq8,ddonlonq8@jiathis.com,Y3VR7wQbNU,96061,Dodi Donlon
hlisleq9,hlisleq9@omniture.com,0B2dNS,87279,Hamlen Lisle
sferenczyqa,sferenczyqa@howstuffworks.com,VFAZxLd7,27076,Shurlocke Ferenczy
klevaneqb,klevaneqb@behance.net,GT2haT6eX,99202,Konstantin Levane
lnurcombeqc,lnurcombeqc@dell.com,6rCO0T,84705,Leeland Nurcombe
cpeekqd,cpeekqd@ebay.co.uk,gXGKLA,58953,Constancia Peek
lverneqe,lverneqe@redcross.org,y4gi8ppTIj,8122,La verne Sommerville
dtasselqf,dtasselqf@youtu.be,hPaeIE6i,34055,Dru Tassel
dsteersqg,dsteersqg@elegantthemes.com,oJp6xMGksZ,33501,Dorie Steers
pbrunaqh,pbrunaqh@imdb.com,f1OXf2gW,52184,Phillis Bruna
aenglandqi,aenglandqi@goo.ne.jp,vmUvkV,77172,Ailsun England
bolderqj,bolderqj@harvard.edu,779Ldg3oWw7,56824,Blondelle Older
mzorroqk,mzorroqk@sbwire.com,uXSDm8Mt,45553,Marianne Zorro
dcouserql,dcouserql@netscape.com,FhHEecN,23054,Darin Couser
cramshayqm,cramshayqm@eepurl.com,HR8hBQv7G9Jv,48518,Case Ramshay
aosheilsqn,aosheilsqn@com.com,bSGaIfSHw,94351,Alexi O'Sheils
kmckertonqo,kmckertonqo@google.de,qeiUkf,90065,Karalee McKerton
jdobbynqp,jdobbynqp@skyrock.com,XhSAeA,92779,John Dobbyn
nbrittonerqq,nbrittonerqq@facebook.com,PV6vgTMoNR4e,32105,Nikolai Brittoner
acrofthwaiteqr,acrofthwaiteqr@jigsy.com,5f9KjVC3dY,53564,Arman Crofthwaite
drazzellqs,drazzellqs@fastcompany.com,Bii9KD1qIAgH,85602,Dallon Razzell
alangcastleqt,alangcastleqt@reverbnation.com,QhiDQWnZe,66503,Augie Langcastle
rkenchqu,rkenchqu@disqus.com,9kebLmQ1E,88496,Romona Kench
amacconnellqv,amacconnellqv@state.tx.us,yCiGZyYS,55335,Alexina MacConnell
pmargramqw,pmargramqw@vinaora.com,J2LP4wphe,50825,Paddy Margram
lchipperfieldqx,lchipperfieldqx@nhs.uk,qt95hzW9O,57856,Lexi Chipperfield
ctomasinoqy,ctomasinoqy@stanford.edu,lbWGaKpd,88487,Cchaddie Tomasino
kreadingqz,kreadingqz@goo.ne.jp,rCYTy4,40983,Karoly Reading
twycliffer0,twycliffer0@umich.edu,gdnqV3Y2,60200,Tabor Wycliffe
kroslingr1,kroslingr1@house.gov,63LI3rHSFMjj,47907,Krispin Rosling
peeftingr2,peeftingr2@nba.com,pDkgLnRR4cvb,31960,Phaidra Eefting
crobberechtr3,crobberechtr3@wordpress.org,T4p5ZdmP31,23563,Carver Robberecht
hlewingtonr4,hlewingtonr4@gnu.org,yPfugiJDJ,83996,Husain Lewington
lavrahamyr5,lavrahamyr5@cbsnews.com,UcPuBrQ,72751,Lucio Avrahamy
wgiraudeaur6,wgiraudeaur6@nhs.uk,BOjvQw44,97422,Wernher Giraudeau
lrennisonr7,lrennisonr7@163.com,CVrjeuGA,18246,Lurleen Rennison
wnoadesr8,wnoadesr8@wired.com,HtBNaYFnWxtS,97328,Wayland Noades
dcaghyr9,dcaghyr9@bing.com,OUdG5PJ,12645,Dill Caghy
afarniera,afarniera@utexas.edu,OgEsR2vXgzP,82267,Ardenia Farnie
tboylanrb,tboylanrb@macromedia.com,2hETlKAGy,64109,Tate Boylan
amcallanrc,amcallanrc@comsenz.com,Ip2vly2I,41306,Antone McAllan
jbookrd,jbookrd@thetimes.co.uk,gP2rAHWJc4i,85505,Joy Book
kgolagleyre,kgolagleyre@e-recht24.de,SxK5Bacljy4,3259,Kendra Golagley
aechalierrf,aechalierrf@mit.edu,e0dDuY,82175,Augie Echalier
ebodhamrg,ebodhamrg@reverbnation.com,wIcXUXQH,41485,Eadmund Bodham
epurserh,epurserh@opensource.org,3MsJXwV,86506,Eustace Purse
cdaniauri,cdaniauri@altervista.org,FvIChA,89207,Catie Daniau
brofferj,brofferj@usnews.com,cDVD62JRF80X,20892,Brenden Roffe
rcassidyrk,rcassidyrk@tinyurl.com,L1DGvPxBNrKY,45509,Ruddy Cassidy
ldymickrl,ldymickrl@altervista.org,kfMyybJcrd,19162,Lenna Dymick
hsprakerm,hsprakerm@technorati.com,iddPmAo,20012,Haroun Sprake
ydarracottrn,ydarracottrn@studiopress.com,F5H1naYNu,16001,Yetta Darracott
gmcmickanro,gmcmickanro@bbc.co.uk,Hm7miAAQFXw,47187,Gordon McMickan
ppollokrp,ppollokrp@wufoo.com,ZVJoddzk,91213,Penn Pollok
eashforthrq,eashforthrq@meetup.com,CWd3bHgWu,66401,Everett Ashforth
kyushmanovrr,kyushmanovrr@ucoz.com,Bo1AVd1m0,28625,Kendre Yushmanov
testuser,testuser@gmail.com,sdlfkjsdf,12345,sdflkjsdf
